Date,Temp,Hum,Light,Is_Raining,Will_Rain
2023-04-10 10:54,27300,80000,2880,NO,NO
2023-04-10 10:56,27300,80000,2887,NO,NO
2023-04-10 10:58,27300,80000,2898,NO,NO
2023-04-10 11:16,28800,78500,610,NO,NO
2023-04-10 11:18,28600,79100,606,NO,NO
2023-04-10 11:20,28600,80100,601,NO,NO
2023-04-10 11:22,28600,79800,607,NO,NO
2023-04-10 11:24,28600,80000,603,NO,NO
2023-04-10 11:26,28600,80600,603,NO,NO
2023-04-10 11:28,28600,80000,592,NO,NO
2023-04-10 11:30,28600,78800,597,NO,NO
2023-04-10 11:32,28600,80000,603,NO,NO
2023-04-10 11:34,28700,80000,586,NO,NO
2023-04-10 11:36,28600,79500,585,NO,NO
2023-04-10 11:38,28700,79300,596,NO,NO
2023-04-10 11:40,28700,78600,609,NO,NO
2023-04-10 11:42,28700,78800,597,NO,NO
2023-04-10 11:44,28700,83800,603,NO,NO
2023-04-10 11:46,28700,81000,595,NO,NO
2023-04-10 11:50,28700,79100,607,NO,NO
2023-04-10 11:52,28700,79000,608,NO,NO
2023-04-10 11:54,28700,78300,611,NO,NO
2023-04-10 11:56,28800,78100,625,NO,NO
2023-04-10 11:58,28800,77800,659,NO,NO
2023-04-10 12:00,28800,77300,672,NO,NO
2023-04-10 12:02,28700,77400,723,NO,NO
2023-04-10 12:04,28700,77400,826,NO,NO
2023-04-10 12:06,28700,78000,969,NO,NO
2023-04-10 12:08,28700,77900,1202,NO,NO
2023-04-10 12:10,28500,77900,1190,NO,NO
2023-04-10 12:12,28400,77900,1170,NO,NO
2023-04-10 12:14,28400,78100,850,NO,NO
2023-04-10 12:16,28200,78100,763,NO,NO
2023-04-10 12:18,28400,77600,723,NO,NO
2023-04-10 12:20,28400,77600,700,NO,NO
2023-04-10 12:22,28400,77400,647,NO,NO
2023-04-10 12:24,28400,77100,653,NO,NO
2023-04-10 12:26,28500,76800,654,NO,NO
2023-04-10 12:28,28500,76700,654,NO,NO
2023-04-10 12:30,28600,76700,658,NO,NO
2023-04-10 12:32,28700,77100,592,NO,NO
2023-04-10 12:34,28800,76700,578,NO,NO
2023-04-10 12:36,28900,76400,557,NO,NO
2023-04-10 12:38,29100,75800,564,NO,NO
2023-04-10 12:40,29200,75300,578,NO,NO
2023-04-10 12:42,29300,75400,580,NO,NO
2023-04-10 12:44,29400,75200,563,NO,NO
2023-04-10 12:46,29500,74500,567,NO,NO
2023-04-10 12:48,29500,75100,565,NO,NO
2023-04-10 12:50,29600,74600,590,NO,NO
2023-04-10 12:52,29600,74800,622,NO,NO
2023-04-10 12:54,29600,74200,629,NO,NO
2023-04-10 12:56,29600,70700,647,NO,NO
2023-04-10 12:58,29500,68600,677,NO,NO
2023-04-10 13:00,29500,68400,666,NO,NO
2023-04-10 13:02,29500,68600,696,NO,NO
2023-04-10 13:04,29500,66500,726,NO,NO
2023-04-10 13:06,29500,67100,735,NO,NO
2023-04-10 13:08,29400,66600,775,NO,NO
2023-04-10 13:10,29400,66800,929,NO,NO
2023-04-10 13:12,29300,66000,1041,NO,NO
2023-04-10 13:14,29200,66200,1062,NO,NO
2023-04-10 13:16,29100,66400,945,NO,NO
2023-04-10 13:18,29100,67100,886,NO,NO
2023-04-10 13:20,29100,67000,913,NO,NO
2023-04-10 13:22,29100,67600,957,NO,NO
2023-04-10 13:24,29100,67400,902,NO,NO
2023-04-10 13:26,29100,67400,1056,NO,NO
2023-04-10 13:28,29000,67900,1137,NO,NO
2023-04-10 13:30,29000,68000,969,NO,NO
2023-04-10 13:32,29000,68900,923,NO,NO
2023-04-10 13:34,29000,67200,961,NO,NO
2023-04-10 13:36,29000,65800,937,NO,NO
2023-04-10 13:38,29000,65200,931,NO,NO
2023-04-10 13:40,29000,66200,942,NO,NO
2023-04-10 13:42,28900,63700,975,NO,NO
2023-04-10 13:44,29000,64500,1089,NO,NO
2023-04-10 13:46,28900,65300,1125,NO,NO
2023-04-10 13:48,28900,62900,1105,NO,NO
2023-04-10 13:50,28800,60300,1011,NO,NO
2023-04-10 13:52,28800,59400,976,NO,NO
2023-04-10 13:54,28800,59500,1004,NO,NO
2023-04-10 13:56,28800,59200,1039,NO,NO
2023-04-10 13:58,28800,60200,1081,NO,NO
2023-04-10 14:00,28900,61100,1105,NO,NO
2023-04-10 14:02,28900,63000,1113,NO,NO
2023-04-10 14:04,28900,64500,1105,NO,NO
2023-04-10 14:06,28800,64800,1128,NO,NO
2023-04-10 14:08,28800,63200,1104,NO,NO
2023-04-10 14:10,28800,62200,1107,NO,NO
2023-04-10 14:12,28800,61800,1093,NO,NO
2023-04-10 14:14,28800,62100,1103,NO,NO
2023-04-10 14:16,28800,62500,1102,NO,NO
2023-04-10 14:18,28800,64300,1106,NO,NO
2023-04-10 14:20,28800,64000,1104,NO,NO
2023-04-10 14:22,28800,63500,1106,NO,NO
2023-04-10 14:24,28800,64500,1111,NO,NO
2023-04-10 14:26,28800,64300,1098,NO,NO
2023-04-10 14:28,28800,63400,1140,NO,NO
2023-04-10 14:30,28800,64400,1169,NO,NO
2023-04-10 14:32,28800,64800,1207,NO,NO
2023-04-10 14:34,28700,64100,1233,NO,NO
2023-04-10 14:36,28700,64300,1276,NO,NO
2023-04-10 14:38,28700,64200,1310,NO,NO
2023-04-10 14:40,28700,64500,1328,NO,NO
2023-04-10 14:42,28700,65100,1335,NO,NO
2023-04-10 14:44,28700,65400,1337,NO,NO
2023-04-10 14:46,28700,66000,1322,NO,NO
2023-04-10 14:48,28600,65300,1327,NO,NO
2023-04-10 14:50,28600,65700,1314,NO,NO
2023-04-10 14:52,28600,65600,1280,NO,NO
2023-04-10 14:54,28600,65800,1264,NO,NO
2023-04-10 14:56,28600,65500,1271,NO,NO
2023-04-10 14:58,28600,65200,1266,NO,NO
2023-04-10 15:00,28600,65400,1271,NO,NO
2023-04-10 15:02,28600,66300,1265,NO,NO
2023-04-10 15:04,28600,65800,1257,NO,NO
2023-04-10 15:06,28600,65900,1264,NO,NO
2023-04-10 15:08,28600,66000,1251,NO,NO
2023-04-10 15:10,28600,66000,1259,NO,NO
2023-04-10 15:12,28600,65000,1277,NO,NO
2023-04-10 15:14,28600,65300,1271,NO,NO
2023-04-10 15:16,28600,65700,1302,NO,NO
2023-04-10 15:18,28600,66000,1297,NO,NO
2023-04-10 15:20,28600,66500,1319,NO,NO
2023-04-10 15:22,28600,66300,1359,NO,NO
2023-04-10 15:24,28600,66400,1377,NO,NO
2023-04-10 15:26,28600,66700,1419,NO,NO
2023-04-10 15:28,28600,67100,1456,NO,NO
2023-04-10 15:30,28600,66500,1479,NO,NO
2023-04-10 15:32,28500,66300,1504,NO,NO
2023-04-10 15:34,28500,66400,1549,NO,NO
2023-04-10 15:36,28500,66600,1603,NO,NO
2023-04-10 15:38,28500,67200,1627,NO,NO
2023-04-10 15:40,28500,67000,1654,NO,NO
2023-04-10 15:42,28400,67000,1673,NO,NO
2023-04-10 15:44,28400,66400,1699,NO,NO
2023-04-10 15:46,28400,66600,1723,NO,NO
2023-04-10 15:48,28400,66900,1721,NO,NO
2023-04-10 15:50,28400,67600,1771,NO,NO
2023-04-10 15:52,28400,68100,1666,NO,NO
2023-04-10 15:54,28400,69400,1715,NO,NO
2023-04-10 15:56,28400,67600,1751,NO,NO
2023-04-10 15:58,28400,66400,1790,NO,NO
2023-04-10 16:00,28400,66500,1808,NO,NO
2023-04-10 16:08,28300,66700,1860,NO,NO
2023-04-10 16:10,28300,66900,1873,NO,NO
2023-04-10 16:12,28300,66600,1918,NO,NO
2023-04-10 16:14,28200,66200,1979,NO,NO
2023-04-10 16:16,28200,66800,2038,NO,NO
2023-04-10 16:18,28200,67900,2086,NO,NO
2023-04-10 16:20,28200,68600,2143,NO,NO
2023-04-10 16:22,28200,69200,2230,NO,NO
2023-04-10 16:24,28200,69600,2317,NO,NO
2023-04-10 16:34,28000,70600,2819,NO,NO
2023-04-10 16:36,28000,70700,2915,NO,NO
2023-04-10 16:38,28000,70800,3020,NO,NO
2023-04-10 16:44,27900,71500,3361,NO,NO
2023-04-10 16:46,27900,71600,3489,NO,NO
2023-04-10 16:48,27900,71700,3615,NO,NO
2023-04-10 18:16,28300,67900,3498,NO,NO
2023-04-10 18:18,28550,70350,3490,NO,NO
2023-04-10 18:22,28725,71725,3509,NO,NO
2023-04-10 18:24,28812,72262,3509,NO,NO
2023-04-10 18:26,28856,72381,3517,NO,NO
2023-04-10 18:28,28700,64100,3806,NO,NO
2023-04-10 18:30,28800,72800,3951,NO,NO
2023-04-10 18:32,28900,73100,4023,NO,NO
2023-04-10 18:34,28900,72800,4059,NO,NO
2023-04-10 18:36,28900,72500,4077,NO,NO
2023-04-10 18:38,28900,72200,4086,NO,NO
2023-04-10 18:40,28900,72400,4090,NO,NO
2023-04-10 18:42,28900,72400,4093,NO,NO
2023-04-10 18:44,28900,72200,4094,NO,NO
2023-04-10 18:46,28900,72300,4094,NO,NO
2023-04-10 18:48,28900,71800,3978,NO,NO
2023-04-10 18:50,28900,71900,3802,NO,NO
2023-04-10 18:52,28900,71400,3832,NO,NO
2023-04-10 18:54,28900,71700,3905,NO,NO
2023-04-10 18:56,28900,71300,4000,NO,NO
2023-04-10 18:58,28900,71400,4047,NO,NO
2023-04-10 19:00,28900,71200,4071,NO,NO
2023-04-10 19:02,28900,71000,4083,NO,NO
2023-04-10 19:04,28900,71300,4089,NO,NO
2023-04-10 19:06,28900,70700,4092,NO,NO
2023-04-10 19:08,28900,70900,4094,NO,NO
2023-04-10 19:10,28900,71000,4094,NO,NO
2023-04-10 19:12,28900,70900,4095,NO,NO
2023-04-10 19:14,28700,62100,4095,NO,NO
2023-04-10 19:16,28150,64950,4095,NO,NO
2023-04-10 19:18,27600,67800,4095,NO,NO
2023-04-10 19:20,27300,68500,4095,NO,NO
2023-04-10 19:22,27400,69400,4095,NO,NO
2023-04-10 19:24,27500,70400,4095,NO,NO
2023-04-10 19:26,27300,69900,4095,NO,NO
2023-04-10 19:28,27200,69400,4095,NO,NO
2023-04-10 19:30,27100,68800,4095,NO,NO
2023-04-10 19:32,27100,68700,4095,NO,NO
2023-04-10 19:34,27000,69100,3861,NO,NO
2023-04-10 19:36,27000,69200,3627,NO,NO
2023-04-10 19:38,27000,69100,3861,NO,NO
2023-04-10 19:40,27000,68600,3978,NO,NO
2023-04-10 19:42,26900,68200,4095,NO,NO
2023-04-10 19:44,27000,68900,4095,NO,NO
2023-04-10 19:46,27000,68400,4095,NO,NO
2023-04-10 19:48,27000,68400,4095,NO,NO
2023-04-10 19:50,26900,68600,4095,NO,NO
2023-04-10 19:52,26900,68800,4095,NO,NO
2023-04-10 19:54,26900,68700,4095,NO,NO
2023-04-10 19:56,26900,68600,4095,NO,NO
2023-04-10 19:58,26800,67600,4095,NO,NO
2023-04-10 20:00,26800,67800,4095,NO,NO
2023-04-10 20:02,26800,67600,4095,NO,NO
2023-04-10 20:04,26800,67300,4095,NO,NO
2023-04-10 20:06,26800,66500,4095,NO,NO
2023-04-10 20:08,26700,66200,4095,NO,NO
2023-04-10 20:10,26700,66200,4095,NO,NO
2023-04-10 20:12,26700,66400,4095,NO,NO
2023-04-10 20:14,26700,66500,4095,NO,NO
2023-04-10 20:16,26700,66700,4095,NO,NO
2023-04-10 20:18,26700,66800,4095,NO,NO
2023-04-10 20:20,26700,67100,4095,NO,NO
2023-04-10 20:22,26700,67000,4095,NO,NO
2023-04-10 20:24,26600,66400,4095,NO,NO
2023-04-10 20:26,26600,65900,4095,NO,NO
2023-04-10 20:28,26600,66100,4095,NO,NO
2023-04-10 20:30,26600,65800,4095,NO,NO
2023-04-10 20:32,26600,66100,4095,NO,NO
2023-04-10 20:34,26600,66200,4095,NO,NO
2023-04-10 20:36,26600,66500,4095,NO,NO
2023-04-10 20:40,26500,66000,4095,NO,NO
2023-04-10 20:42,26500,66900,4095,NO,NO
2023-04-10 20:44,26500,67400,4095,NO,NO
2023-04-10 20:46,26500,67200,4095,NO,NO
2023-04-10 20:48,26500,66700,4095,NO,NO
2023-04-10 20:50,26500,67300,4095,NO,NO
2023-04-10 20:52,26400,67500,4095,NO,NO
2023-04-10 20:54,26400,67400,4095,NO,NO
2023-04-10 20:56,26400,67500,4095,NO,NO
2023-04-10 20:58,26400,67800,4095,NO,NO
2023-04-10 21:00,26400,67900,4095,NO,NO
2023-04-10 21:02,26400,68300,4095,NO,NO
2023-04-10 21:04,26400,68800,4095,NO,NO
2023-04-10 21:06,26400,69400,4095,NO,NO
2023-04-10 21:08,26400,69700,4095,NO,NO
2023-04-10 21:10,26300,70000,4095,NO,NO
2023-04-10 21:12,26300,70400,4095,NO,NO
2023-04-10 21:14,26300,70500,4095,NO,NO
2023-04-10 21:16,26300,70500,4095,NO,NO
2023-04-10 21:18,26300,70700,4095,NO,NO
2023-04-10 21:20,26300,70800,4095,NO,NO
2023-04-10 21:22,26300,71300,4095,NO,NO
2023-04-10 21:24,26300,71100,4095,NO,NO
2023-04-10 21:26,26200,71500,4095,NO,NO
2023-04-10 21:28,26200,71900,4095,NO,NO
2023-04-10 21:30,26200,71800,4095,NO,NO
2023-04-10 21:32,26200,71900,4095,NO,NO
2023-04-10 21:34,26200,72100,4095,NO,NO
2023-04-10 21:36,26200,71500,4095,NO,NO
2023-04-10 21:38,26200,71800,4095,NO,NO
2023-04-10 21:40,26200,72000,4095,NO,NO
2023-04-10 21:42,26200,72100,4095,NO,NO
2023-04-10 21:44,26200,72000,4095,NO,NO
2023-04-10 21:46,26200,72200,4095,NO,NO
2023-04-10 21:48,26200,72700,4095,NO,NO
2023-04-10 21:50,26200,72800,4095,NO,NO
2023-04-10 21:52,26200,73000,4095,NO,NO
2023-04-10 21:54,26200,73200,4095,NO,NO
2023-04-10 21:56,26200,73200,4095,NO,NO
2023-04-10 21:58,26200,72900,4095,NO,NO
2023-04-10 22:00,26200,73000,4095,NO,NO
2023-04-10 22:02,26100,73200,4095,NO,NO
2023-04-10 22:04,26100,73500,4095,NO,NO
2023-04-10 22:06,26100,73800,4095,NO,NO
2023-04-10 22:08,26100,74200,4095,NO,NO
2023-04-10 22:10,26100,74600,4095,NO,NO
2023-04-10 22:12,26000,74800,4095,NO,NO
2023-04-10 22:14,26000,75300,4095,NO,NO
2023-04-10 22:16,26000,75500,4095,NO,NO
2023-04-10 22:18,26000,75400,4095,NO,NO
2023-04-10 22:20,26000,75600,4095,NO,NO
2023-04-10 22:22,26000,75700,4095,NO,NO
2023-04-10 22:24,26000,75600,4095,NO,NO
2023-04-10 22:26,26000,75700,4095,NO,NO
2023-04-10 22:28,26000,75700,4095,NO,NO
2023-04-10 22:30,26000,75500,4095,NO,NO
2023-04-10 22:32,26000,75400,4095,NO,NO
2023-04-10 22:34,25900,75500,4095,NO,NO
2023-04-10 22:36,26000,75500,4095,NO,NO
2023-04-10 22:38,25900,75700,4095,NO,NO
2023-04-10 22:40,25900,75700,4095,NO,NO
2023-04-10 22:42,25900,75800,4095,NO,NO
2023-04-10 22:44,25900,75700,4095,NO,NO
2023-04-10 22:46,25900,76000,4095,NO,NO
2023-04-10 22:48,25900,76200,4095,NO,NO
2023-04-10 22:50,25900,76200,4095,NO,NO
2023-04-10 22:52,25900,76200,4095,NO,NO
2023-04-10 22:54,25900,76400,4095,NO,NO
2023-04-10 22:56,25900,76600,4095,NO,NO
2023-04-10 22:58,25900,76600,4095,NO,NO
2023-04-10 23:00,25900,76600,4095,NO,NO
2023-04-10 23:02,25900,76700,4095,NO,NO
2023-04-10 23:04,25900,76700,4095,NO,NO
2023-04-10 23:06,25800,76700,4095,NO,NO
2023-04-10 23:08,25800,76800,4095,NO,NO
2023-04-10 23:10,25800,76900,4095,NO,NO
2023-04-10 23:12,25800,77100,4095,NO,NO
2023-04-10 23:14,25800,77400,4095,NO,NO
2023-04-10 23:16,25800,77200,4095,NO,NO
2023-04-10 23:18,25800,77300,4095,NO,NO
2023-04-10 23:20,25800,77400,4095,NO,NO
2023-04-10 23:22,25800,77300,4095,NO,NO
2023-04-10 23:24,25800,76900,4095,NO,NO
2023-04-10 23:26,25800,76700,4095,NO,NO
2023-04-10 23:28,25700,76400,4095,NO,NO
2023-04-10 23:30,25700,76300,4095,NO,NO
2023-04-10 23:32,25600,75800,4095,NO,NO
2023-04-10 23:34,25600,75800,4095,NO,NO
2023-04-10 23:36,25600,75400,4095,NO,NO
2023-04-10 23:38,25600,75500,4095,NO,NO
2023-04-10 23:40,25500,75300,4095,NO,NO
2023-04-10 23:42,25500,75100,4095,NO,NO
2023-04-10 23:44,25500,75400,4095,NO,NO
2023-04-10 23:46,25500,75700,4095,NO,NO
2023-04-10 23:48,25600,75800,4095,NO,NO
2023-04-10 23:50,25500,75600,4095,NO,NO
2023-04-10 23:52,25500,75200,4095,NO,NO
2023-04-10 23:54,25500,74800,4095,NO,NO
2023-04-10 23:56,25500,74700,4095,NO,NO
2023-04-10 23:58,25500,74900,4095,NO,NO
2023-04-11 00:00,25500,75200,4095,NO,NO
2023-04-11 00:02,25500,75300,4095,NO,NO
2023-04-11 00:04,25500,75700,4095,NO,NO
2023-04-11 00:06,25500,75700,4095,NO,NO
2023-04-11 00:08,25500,75600,4095,NO,NO
2023-04-11 00:10,25500,75800,4095,NO,NO
2023-04-11 00:12,25500,75800,4095,NO,NO
2023-04-11 00:14,25500,76100,4095,NO,NO
2023-04-11 00:16,25500,76300,4095,NO,NO
2023-04-11 00:18,25500,76300,4095,NO,NO
2023-04-11 00:20,25500,76600,4095,NO,NO
2023-04-11 00:22,25500,76500,4095,NO,NO
2023-04-11 00:24,25500,76500,4095,NO,NO
2023-04-11 00:26,25500,76700,4095,NO,NO
2023-04-11 00:28,25500,77000,4095,NO,NO
2023-04-11 00:30,25500,77100,4095,NO,NO
2023-04-11 00:32,25500,76900,4095,NO,NO
2023-04-11 00:34,25500,76800,4095,NO,NO
2023-04-11 00:36,25500,76900,4095,NO,NO
2023-04-11 00:38,25500,76900,4095,NO,NO
2023-04-11 00:40,25500,77100,4095,NO,NO
2023-04-11 00:42,25500,76900,4095,NO,NO
2023-04-11 00:44,25500,76800,4095,NO,NO
2023-04-11 00:46,25500,76500,4095,NO,NO
2023-04-11 00:48,25400,76200,4095,NO,NO
2023-04-11 00:50,25400,76200,4095,NO,NO
2023-04-11 00:52,25400,76400,4095,NO,NO
2023-04-11 00:54,25400,76400,4095,NO,NO
2023-04-11 00:56,25400,76200,4095,NO,NO
2023-04-11 00:58,25400,75900,4095,NO,NO
2023-04-11 01:00,25300,75500,4095,NO,NO
2023-04-11 01:02,25300,75100,4095,NO,NO
2023-04-11 01:04,25200,75300,4095,NO,NO
2023-04-11 01:06,25300,75700,4095,NO,NO
2023-04-11 01:08,25300,75900,4095,NO,NO
2023-04-11 01:10,25300,75900,4095,NO,NO
2023-04-11 01:12,25300,76000,4095,NO,NO
2023-04-11 01:14,25300,76200,4095,NO,NO
2023-04-11 01:16,25300,76200,4095,NO,NO
2023-04-11 01:18,25300,76200,4095,NO,NO
2023-04-11 01:20,25300,76400,4095,NO,NO
2023-04-11 01:22,25300,76600,4095,NO,NO
2023-04-11 01:24,25300,76600,4095,NO,NO
2023-04-11 01:26,25300,76600,4095,NO,NO
2023-04-11 01:28,25300,76600,4095,NO,NO
2023-04-11 01:30,25300,76600,4095,NO,NO
2023-04-11 01:32,25300,76800,4095,NO,NO
2023-04-11 01:34,25300,76800,4095,NO,NO
2023-04-11 01:36,25200,76800,4095,NO,NO
2023-04-11 01:38,25200,77000,4095,NO,NO
2023-04-11 01:40,25300,77000,4095,NO,NO
2023-04-11 01:42,25300,77000,4095,NO,NO
2023-04-11 01:44,25300,77000,4095,NO,NO
2023-04-11 01:46,25200,77000,4095,NO,NO
2023-04-11 01:48,25200,77000,4095,NO,NO
2023-04-11 01:50,25200,77100,4095,NO,NO
2023-04-11 01:52,25200,77200,4095,NO,NO
2023-04-11 01:54,25200,77300,4095,NO,NO
2023-04-11 01:56,25200,77300,4095,NO,NO
2023-04-11 01:58,25200,77300,4095,NO,NO
2023-04-11 02:00,25200,77400,4095,NO,NO
2023-04-11 02:02,25200,77600,4095,NO,NO
2023-04-11 02:04,25200,77700,4095,NO,NO
2023-04-11 02:06,25200,77800,4095,NO,NO
2023-04-11 02:08,25200,78000,4095,NO,NO
2023-04-11 02:10,25200,77900,4095,NO,NO
2023-04-11 02:12,25200,77900,4095,NO,NO
2023-04-11 02:14,25200,78100,4095,NO,NO
2023-04-11 02:16,25100,78400,4095,NO,NO
2023-04-11 02:18,25200,78300,4095,NO,NO
2023-04-11 02:20,25200,78400,4095,NO,NO
2023-04-11 02:22,25200,78700,4095,NO,NO
2023-04-11 02:24,25200,78800,4095,NO,NO
2023-04-11 02:26,25200,78900,4095,NO,NO
2023-04-11 02:28,25200,78900,4095,NO,NO
2023-04-11 02:30,25200,78900,4095,NO,NO
2023-04-11 02:32,25200,78900,4095,NO,NO
2023-04-11 02:34,25200,78800,4095,NO,NO
2023-04-11 02:36,25200,79200,4095,NO,NO
2023-04-11 02:38,25200,79200,4095,NO,NO
2023-04-11 02:40,25200,79300,4095,NO,NO
2023-04-11 02:42,25200,79500,4095,NO,NO
2023-04-11 02:44,25300,79400,4095,NO,NO
2023-04-11 02:46,25200,79600,4095,NO,NO
2023-04-11 02:48,25200,79900,4095,NO,NO
2023-04-11 02:50,25200,80200,4095,NO,NO
2023-04-11 02:52,25200,80000,4095,NO,NO
2023-04-11 02:54,25200,80000,4095,NO,NO
2023-04-11 02:56,25200,80200,4095,NO,NO
2023-04-11 02:58,25200,80200,4095,NO,NO
2023-04-11 03:00,25200,80500,4095,NO,NO
2023-04-11 03:02,25200,80700,4095,NO,NO
2023-04-11 03:04,25200,81000,4095,NO,NO
2023-04-11 03:06,25200,81200,4095,NO,NO
2023-04-11 03:08,25200,81500,4095,NO,NO
2023-04-11 03:10,25200,81500,4095,NO,NO
2023-04-11 03:12,25200,81700,4095,NO,NO
2023-04-11 03:14,25200,81500,4095,NO,NO
2023-04-11 03:16,25200,81700,4095,NO,NO
2023-04-11 03:18,25200,81700,4095,NO,NO
2023-04-11 03:20,25200,81900,4095,NO,NO
2023-04-11 03:22,25200,82200,4095,NO,NO
2023-04-11 03:24,25200,82000,4095,NO,NO
2023-04-11 03:26,25200,82000,4095,NO,NO
2023-04-11 03:28,25200,82000,4095,NO,NO
2023-04-11 03:30,25200,81900,4095,NO,NO
2023-04-11 03:32,25100,81900,4095,NO,NO
2023-04-11 03:34,25100,82000,4095,NO,NO
2023-04-11 03:36,25100,81900,4095,NO,NO
2023-04-11 03:38,25100,82000,4095,NO,NO
2023-04-11 03:40,25200,82200,4095,NO,NO
2023-04-11 03:42,25200,82200,4095,NO,NO
2023-04-11 03:44,25200,82000,4095,NO,NO
2023-04-11 03:46,25200,82000,4032,NO,NO
2023-04-11 03:48,25200,82000,4043,NO,NO
2023-04-11 03:50,25200,82200,4051,NO,NO
2023-04-11 03:52,25200,82000,4053,NO,NO
2023-04-11 03:54,25200,82000,4051,NO,NO
2023-04-11 03:56,25200,82000,4048,NO,NO
2023-04-11 03:58,25200,82000,4060,NO,NO
2023-04-11 04:00,25100,81900,4054,NO,NO
2023-04-11 04:02,25100,82000,4059,NO,NO
2023-04-11 04:04,25100,82000,4050,NO,NO
2023-04-11 04:06,25100,81700,4079,NO,NO
2023-04-11 04:08,25100,81500,4064,NO,NO
2023-04-11 04:10,25100,81500,4058,NO,NO
2023-04-11 04:12,25100,81500,4058,NO,NO
2023-04-11 04:14,25100,81700,4065,NO,NO
2023-04-11 04:16,25100,81700,4051,NO,NO
2023-04-11 04:18,25100,81700,4058,NO,NO
2023-04-11 04:20,25100,81700,4075,NO,NO
2023-04-11 04:22,25100,81700,4052,NO,NO
2023-04-11 04:24,25100,81700,4063,NO,NO
2023-04-11 04:26,25100,81500,4042,NO,NO
2023-04-11 04:28,25100,81500,4062,NO,NO
2023-04-11 04:30,25100,81700,4038,NO,NO
2023-04-11 04:32,25100,81500,4048,NO,NO
2023-04-11 04:34,25100,81500,4034,NO,NO
2023-04-11 04:36,25000,81500,4006,NO,NO
2023-04-11 04:38,25000,81400,4010,NO,NO
2023-04-11 04:40,25000,81400,3939,NO,NO
2023-04-11 04:42,25000,81200,3897,NO,NO
2023-04-11 04:44,25000,81000,3855,NO,NO
2023-04-11 04:46,25000,81200,3777,NO,NO
2023-04-11 04:48,25000,81400,3683,NO,NO
2023-04-11 04:50,25000,81000,3571,NO,NO
2023-04-11 04:52,24900,81200,3459,NO,NO
2023-04-11 04:54,25000,81200,3311,NO,NO
2023-04-11 04:56,24900,81000,3154,NO,NO
2023-04-11 04:58,25000,81200,2973,NO,NO
2023-04-11 05:00,25000,81000,2807,NO,NO
2023-04-11 05:02,25000,81400,2658,NO,NO
2023-04-11 05:04,25000,81500,2524,NO,NO
2023-04-11 05:06,25000,81400,2413,NO,NO
2023-04-11 05:08,25000,81400,2315,NO,NO
2023-04-11 05:10,25000,81500,2197,NO,NO
2023-04-11 05:12,25000,81200,2091,NO,NO
2023-04-11 05:14,25000,81200,1989,NO,NO
2023-04-11 05:16,25000,81000,1887,NO,NO
2023-04-11 05:18,25000,80900,1815,NO,NO
2023-04-11 05:20,25100,81000,2867,NO,NO
2023-04-11 05:22,25400,81900,2318,NO,NO
2023-04-11 05:24,26200,80800,2258,NO,NO
2023-04-11 05:26,26300,78100,2219,NO,NO
2023-04-11 05:28,26200,78400,2176,NO,NO
2023-04-11 05:30,26000,78600,2105,NO,NO
2023-04-11 05:32,26000,78900,2058,NO,NO
2023-04-11 05:34,25900,79100,1997,NO,NO
2023-04-11 05:36,26000,79000,1954,NO,NO
2023-04-11 05:38,26000,79200,1930,NO,NO
2023-04-11 05:40,25900,79200,1886,NO,NO
2023-04-11 05:42,25900,79400,1850,NO,NO
2023-04-11 05:44,25800,79600,1826,NO,NO
2023-04-11 05:46,25800,76000,1797,NO,NO
2023-04-11 05:48,25800,80200,1786,NO,NO
2023-04-11 05:50,25800,79900,1792,NO,NO
2023-04-11 05:52,25800,79900,1751,NO,NO
2023-04-11 05:54,25900,79600,1744,NO,NO
2023-04-11 05:56,25800,79600,1765,NO,NO
2023-04-11 05:58,25900,79500,1775,NO,NO
2023-04-11 06:00,25900,79600,1760,NO,NO
2023-04-11 06:02,25900,79600,1771,NO,NO
2023-04-11 06:04,25900,79900,1762,NO,NO
2023-04-11 06:06,25900,79600,1727,NO,NO
2023-04-11 06:08,25900,79700,1747,NO,NO
2023-04-11 06:10,26100,79500,1731,NO,NO
2023-04-11 06:12,26300,78500,1725,NO,NO
2023-04-11 06:14,26300,78200,1708,NO,NO
2023-04-11 06:16,26200,77800,1696,NO,NO
2023-04-11 06:18,26000,78800,1659,NO,NO
2023-04-11 06:20,25900,78900,1657,NO,NO
2023-04-11 06:22,25900,79100,1622,NO,NO
2023-04-11 06:24,25900,79400,1611,NO,NO
2023-04-11 06:26,25900,79600,1627,NO,NO
2023-04-11 06:28,25900,79300,1646,NO,NO
2023-04-11 06:30,25900,79600,1648,NO,NO
2023-04-11 06:32,25800,79300,1647,NO,NO
2023-04-11 06:34,25800,79700,1644,NO,NO
2023-04-11 06:36,25800,79700,1627,NO,NO
2023-04-11 06:38,25900,80400,1619,NO,NO
2023-04-11 06:40,25900,80600,1616,NO,NO
2023-04-11 06:42,25900,80600,1601,NO,NO
2023-04-11 06:44,26000,80500,1600,NO,NO
2023-04-11 06:46,26000,81100,1623,NO,NO
2023-04-11 06:48,26100,81600,1654,NO,NO
2023-04-11 06:50,26000,81300,1636,NO,NO
2023-04-11 06:52,25900,80200,1594,NO,NO
2023-04-11 06:54,25700,79400,1587,NO,NO
2023-04-11 06:56,25800,81100,1552,NO,NO
2023-04-11 06:58,25900,80900,1567,NO,NO
2023-04-11 07:00,25900,80700,1563,NO,NO
2023-04-11 07:02,26000,80500,1565,NO,NO
2023-04-11 07:04,25900,80400,1553,NO,NO
2023-04-11 07:06,25900,80700,1519,NO,NO
2023-04-11 07:08,25900,80600,1498,NO,NO
2023-04-11 07:10,25900,80700,1452,NO,NO
2023-04-11 07:12,26000,80500,1472,NO,NO
2023-04-11 07:14,25900,79000,1468,NO,NO
2023-04-11 07:16,25900,79000,1464,NO,NO
2023-04-11 07:18,25900,79700,1446,NO,NO
2023-04-11 07:20,26000,80300,1423,NO,NO
2023-04-11 07:22,26100,80000,1422,NO,NO
2023-04-11 07:28,26100,78600,1405,NO,NO
2023-04-11 07:30,26000,77700,1397,NO,NO
2023-04-11 07:32,26100,77500,1379,NO,NO
2023-04-11 07:34,26200,78200,1360,NO,NO
2023-04-11 07:36,26200,75900,1356,NO,NO
2023-04-11 07:38,26200,76300,1334,NO,NO
2023-04-11 07:40,26300,77800,1298,NO,NO
2023-04-11 07:42,26300,76800,1274,NO,NO
2023-04-11 07:44,26300,76300,1275,NO,NO
2023-04-11 07:46,26400,76500,1263,NO,NO
2023-04-11 07:48,26400,74400,1280,NO,NO
2023-04-11 07:50,26400,74500,1234,NO,NO
2023-04-11 07:52,26600,76200,778,NO,NO
2023-04-11 07:54,26600,77600,1019,NO,NO
2023-04-11 07:56,26800,80800,1011,NO,NO
2023-04-11 07:58,26900,80500,1042,NO,NO
2023-04-11 08:00,26900,80200,1036,NO,NO
2023-04-11 08:02,26900,80300,1040,NO,NO
2023-04-11 08:04,26800,81700,1008,NO,NO
2023-04-11 08:06,26900,79100,991,NO,NO
2023-04-11 08:08,26900,77600,970,NO,NO
2023-04-11 08:10,26900,79200,941,NO,NO
2023-04-11 08:12,26900,80200,913,NO,NO
2023-04-11 08:14,27000,81900,890,NO,NO
2023-04-11 08:16,27000,81400,890,NO,NO
2023-04-11 08:18,27100,81900,869,NO,NO
2023-04-11 08:20,27200,81900,871,NO,NO
2023-04-11 08:22,27200,80600,848,NO,NO
2023-04-11 08:24,27200,80100,846,NO,NO
2023-04-11 08:26,27300,80300,837,NO,NO
2023-04-11 08:28,27300,80100,808,NO,NO
2023-04-11 08:30,27400,80100,784,NO,NO
2023-04-11 08:32,27300,78800,791,NO,NO
2023-04-11 08:34,27400,80000,775,NO,NO
2023-04-11 08:36,27400,80600,782,NO,NO
2023-04-11 08:38,27500,80500,752,NO,NO
2023-04-11 08:40,27500,78700,739,NO,NO
2023-04-11 08:42,27600,76700,749,NO,NO
2023-04-11 08:44,27600,77300,725,NO,NO
2023-04-11 08:46,27800,77900,716,NO,NO
2023-04-11 08:48,27700,76500,707,NO,NO
2023-04-11 08:50,27800,77300,686,NO,NO
2023-04-11 08:52,27800,78200,671,NO,NO
2023-04-11 08:54,27900,78900,657,NO,NO
2023-04-11 08:56,28000,77700,660,NO,NO
2023-04-11 08:58,28100,77400,655,NO,NO
2023-04-11 09:00,28000,78600,643,NO,NO
2023-04-11 09:02,28000,77100,652,NO,NO
2023-04-11 09:04,28200,77600,644,NO,NO
2023-04-11 09:06,28300,76600,629,NO,NO
2023-04-11 09:08,28400,73100,620,NO,NO
2023-04-11 09:10,28400,75800,629,NO,NO
2023-04-11 09:12,28400,76000,621,NO,NO
2023-04-11 09:14,28500,76400,624,NO,NO
2023-04-11 09:16,28600,75400,592,NO,NO
2023-04-11 09:18,28700,76400,605,NO,NO
2023-04-11 09:20,28800,71200,624,NO,NO
2023-04-11 09:22,28900,71500,647,NO,NO
2023-04-11 09:24,29000,72300,619,NO,NO
2023-04-11 09:26,28900,73400,654,NO,NO
2023-04-11 09:28,28900,75400,668,NO,NO
2023-04-11 09:30,28800,72500,674,NO,NO
2023-04-11 09:32,28800,75100,688,NO,NO
2023-04-11 09:34,29000,75400,698,NO,NO
2023-04-11 09:36,28900,75600,710,NO,NO
2023-04-11 09:38,29000,76000,699,NO,NO
2023-04-11 09:40,29000,75400,677,NO,NO
2023-04-11 09:42,29100,73900,667,NO,NO
2023-04-11 09:46,29200,75200,694,NO,NO
2023-04-11 09:48,29100,73800,722,NO,NO
2023-04-11 09:50,29200,71900,727,NO,NO
2023-04-11 09:52,29300,73600,712,NO,NO
2023-04-11 09:54,29300,73900,726,NO,NO
2023-04-11 09:56,29300,73600,730,NO,NO
2023-04-11 09:58,29400,72600,729,NO,NO
2023-04-11 10:00,29400,73300,735,NO,NO
2023-04-11 10:04,29400,73200,627,NO,NO
2023-04-11 10:06,29500,72900,627,NO,NO
2023-04-11 10:08,29700,71200,630,NO,NO
2023-04-11 10:10,29800,72600,635,NO,NO
2023-04-11 10:12,29700,72600,624,NO,NO
2023-04-11 10:14,29700,72600,627,NO,NO
2023-04-11 10:16,29800,72200,755,NO,NO
2023-04-11 10:18,29700,69200,751,NO,YES
2023-04-11 10:20,29700,71300,605,NO,YES
2023-04-11 10:22,29700,71800,560,NO,YES
2023-04-11 10:24,29900,72400,661,NO,YES
2023-04-11 10:26,29900,71900,821,NO,YES
2023-04-11 10:28,29900,73000,838,NO,YES
2023-04-11 10:30,29800,74000,720,NO,YES
2023-04-11 10:32,29600,72200,703,NO,YES
2023-04-11 10:34,29700,73600,742,NO,YES
2023-04-11 10:36,29800,73700,880,NO,YES
2023-04-11 10:38,29700,71800,679,NO,YES
2023-04-11 10:40,29700,72800,683,NO,YES
2023-04-11 10:42,29800,72800,750,NO,YES
2023-04-11 10:44,29800,67800,816,NO,YES
2023-04-11 10:46,29800,68400,974,NO,YES
2023-04-11 10:48,29700,70600,1088,NO,YES
2023-04-11 10:50,29600,71100,912,NO,YES
2023-04-11 10:52,29500,70900,759,NO,YES
2023-04-11 10:54,29500,71800,749,NO,YES
2023-04-11 10:56,29600,72700,785,NO,YES
2023-04-11 10:58,29600,69400,810,NO,YES
2023-04-11 11:00,29700,68500,683,NO,YES
2023-04-11 11:02,29700,70600,843,NO,YES
2023-04-11 11:04,29600,71900,944,NO,YES
2023-04-11 11:06,29500,72500,1055,NO,YES
2023-04-11 11:08,29500,71600,842,NO,YES
2023-04-11 11:10,29400,71500,726,NO,YES
2023-04-11 11:12,29400,72200,743,NO,YES
2023-04-11 11:14,29600,71900,778,NO,YES
2023-04-11 11:16,29700,71400,706,NO,YES
2023-04-11 11:18,29700,71900,783,NO,YES
2023-04-11 11:20,29800,71100,1007,NO,YES
2023-04-11 11:22,29700,71400,1054,NO,YES
2023-04-11 11:24,29700,70400,967,NO,YES
2023-04-11 11:26,29600,71600,978,NO,YES
2023-04-11 11:28,29600,72000,698,NO,YES
2023-04-11 11:30,29500,72700,626,NO,YES
2023-04-11 11:32,29700,72800,626,NO,YES
2023-04-11 11:34,29800,71300,687,NO,YES
2023-04-11 11:36,29900,70600,814,NO,YES
2023-04-11 11:38,30000,68700,815,NO,YES
2023-04-11 11:40,30000,69600,677,NO,YES
2023-04-11 11:42,30100,69700,573,NO,YES
2023-04-11 11:44,30100,70000,625,NO,YES
2023-04-11 11:46,30300,70300,605,NO,YES
2023-04-11 11:48,30400,69500,592,NO,YES
2023-04-11 11:50,30500,69000,597,NO,YES
2023-04-11 11:52,30600,68500,610,NO,YES
2023-04-11 11:54,30700,67600,688,NO,YES
2023-04-11 11:56,30800,66400,751,NO,YES
2023-04-11 11:58,30900,65500,702,NO,YES
2023-04-11 12:00,30900,64200,720,NO,YES
2023-04-11 12:02,31000,62400,882,NO,YES
2023-04-11 12:04,31000,64000,682,NO,YES
2023-04-11 12:06,30900,65600,634,NO,YES
2023-04-11 12:08,31000,65100,623,NO,YES
2023-04-11 12:10,31100,64500,621,NO,YES
2023-04-11 12:12,31200,63900,640,NO,YES
2023-04-11 12:14,31300,64700,692,NO,YES
2023-04-11 12:16,31200,65600,749,NO,YES
2023-04-11 12:18,31200,64600,917,NO,YES
2023-04-11 12:20,31000,66000,821,NO,YES
2023-04-11 12:22,30900,65700,789,NO,YES
2023-04-11 12:24,30900,64400,688,NO,YES
2023-04-11 12:26,31000,62900,808,NO,YES
2023-04-11 12:28,31100,60900,720,NO,YES
2023-04-11 12:30,31200,61800,656,NO,YES
2023-04-11 12:32,31200,61400,662,NO,YES
2023-04-11 12:34,31300,61100,633,NO,YES
2023-04-11 12:36,31400,61300,747,NO,YES
2023-04-11 12:38,31400,62300,761,NO,YES
2023-04-11 12:40,31300,63200,826,NO,YES
2023-04-11 12:42,31300,63500,799,NO,YES
2023-04-11 12:44,31300,62300,764,NO,YES
2023-04-11 12:46,31200,63400,523,NO,YES
2023-04-11 12:48,31200,62700,486,NO,YES
2023-04-11 12:50,31200,62900,445,NO,YES
2023-04-11 12:52,31300,60900,437,NO,YES
2023-04-11 12:54,31400,62100,288,NO,YES
2023-04-11 12:56,31700,60200,304,NO,YES
2023-04-11 12:58,31800,59200,296,NO,YES
2023-04-11 13:00,32000,57300,317,NO,YES
2023-04-11 13:02,32200,56700,275,NO,NO
2023-04-11 13:04,32300,56600,257,NO,NO
2023-04-11 13:06,32400,55700,256,NO,NO
2023-04-11 13:08,32500,56000,287,NO,NO
2023-04-11 13:10,32600,56100,286,NO,NO
2023-04-11 13:12,32600,56300,454,NO,NO
2023-04-11 13:14,32500,57600,473,NO,NO
2023-04-11 13:16,32300,57700,517,NO,NO
2023-04-11 13:18,32200,58200,577,NO,NO
2023-04-11 13:20,32200,59100,298,NO,NO
2023-04-11 13:22,32000,58000,295,NO,NO
2023-04-11 13:24,32300,56900,647,NO,NO
2023-04-11 13:26,32300,57100,657,NO,NO
2023-04-11 13:28,32000,58200,630,NO,NO
2023-04-11 13:30,31900,60100,788,NO,NO
2023-04-11 13:32,31700,60700,811,NO,NO
2023-04-11 13:34,31600,61600,800,NO,NO
2023-04-11 13:36,31500,62100,844,NO,NO
2023-04-11 13:38,31400,62500,866,NO,NO
2023-04-11 13:40,31300,63400,880,NO,NO
2023-04-11 13:42,31300,60900,865,NO,NO
2023-04-11 13:44,31300,60300,841,NO,NO
2023-04-11 13:46,31400,60100,953,NO,NO
2023-04-11 13:48,31300,61000,944,NO,NO
2023-04-11 13:50,31200,62700,690,NO,NO
2023-04-11 13:52,31200,62200,716,NO,NO
2023-04-11 13:54,31200,62400,777,NO,NO
2023-04-11 13:56,31100,62900,1338,NO,NO
2023-04-11 13:58,31000,63900,1385,NO,NO
2023-04-11 14:00,30900,62800,1422,NO,NO
2023-04-11 14:02,30900,61800,1458,NO,NO
2023-04-11 14:04,30900,61200,1746,NO,NO
2023-04-11 14:06,30900,61700,2202,NO,NO
2023-04-11 14:08,30800,62200,2413,NO,NO
2023-04-11 14:10,30800,62700,2503,NO,NO
2023-04-11 14:12,30700,64100,2535,NO,NO
2023-04-11 14:14,30600,66000,2491,NO,NO
2023-04-11 14:16,30500,67200,2446,NO,NO
2023-04-11 14:18,30400,68300,2459,NO,NO
2023-04-11 14:20,30300,68700,2470,NO,NO
2023-04-11 14:22,30300,69100,2528,NO,NO
2023-04-11 14:24,30200,69700,2592,NO,NO
2023-04-11 14:26,30200,69900,2530,NO,NO
2023-04-11 14:28,30100,70000,2309,NO,NO
2023-04-11 14:30,30100,70100,2355,NO,NO
2023-04-11 14:32,30100,69900,2236,NO,NO
2023-04-11 14:34,30000,70500,2222,NO,NO
2023-04-11 14:36,30000,70000,2209,NO,NO
2023-04-11 14:38,30000,70300,2196,NO,NO
2023-04-11 14:40,30000,70400,2111,NO,NO
2023-04-11 14:42,30000,70000,2175,NO,NO
2023-04-11 14:44,30000,70100,2129,NO,NO
2023-04-11 14:46,30000,69900,2066,NO,NO
2023-04-11 14:48,30000,70500,2144,NO,NO
2023-04-11 14:50,29900,70600,2227,NO,NO
2023-04-11 14:52,29900,70900,2302,NO,NO
2023-04-11 14:54,29700,70900,2427,NO,NO
2023-04-11 14:56,29700,70800,2416,NO,NO
2023-04-11 14:58,29700,71200,2421,NO,NO
2023-04-11 15:00,29700,71400,2530,NO,NO
2023-04-11 15:02,29700,71400,2529,NO,NO
2023-04-11 15:04,29600,71600,2537,NO,NO
2023-04-11 15:06,29600,71300,2459,NO,NO
2023-04-11 15:08,29600,71700,2445,NO,NO
2023-04-11 15:10,29600,71400,2443,NO,NO
2023-04-11 15:12,29500,71600,2437,NO,NO
2023-04-11 15:14,29500,71700,2410,NO,NO
2023-04-11 15:16,29500,71600,2350,NO,NO
2023-04-11 15:18,29400,71200,2221,NO,NO
2023-04-11 15:20,29400,71700,2256,NO,NO
2023-04-11 15:22,29500,71800,2253,NO,NO
2023-04-11 15:24,29400,71400,2232,NO,NO
2023-04-11 15:26,29500,71800,2321,NO,NO
2023-04-11 15:28,29500,72200,2311,NO,NO
2023-04-11 15:30,29500,72000,2430,NO,NO
2023-04-11 15:32,29500,72100,2355,NO,NO
2023-04-11 15:34,29500,72100,2352,NO,NO
2023-04-11 15:36,29500,72000,2304,NO,NO
2023-04-11 15:38,29500,72000,2320,NO,NO
2023-04-11 15:40,29500,72000,2288,NO,NO
2023-04-11 15:42,29500,72000,2081,NO,NO
2023-04-11 15:44,29400,71700,1831,NO,NO
2023-04-11 15:46,29400,71700,1891,NO,NO
2023-04-11 15:48,29300,71200,1869,NO,NO
2023-04-11 15:50,29300,71700,1794,NO,NO
2023-04-11 15:52,29400,72000,1758,NO,NO
2023-04-11 15:54,29400,72000,1916,NO,NO
2023-04-11 15:56,29300,71400,1987,NO,NO
2023-04-11 15:58,29300,71900,1829,NO,NO
2023-04-11 16:00,29400,72100,1713,NO,NO
2023-04-11 16:02,29400,72100,2021,NO,NO
2023-04-11 16:04,29400,72700,2349,NO,NO
2023-04-11 16:06,29400,72900,2830,NO,NO
2023-04-11 16:08,29400,72800,3312,NO,NO
2023-04-11 16:10,29400,73200,3307,NO,NO
2023-04-11 16:12,29500,72900,4095,NO,NO
2023-04-11 16:14,29500,74100,4095,NO,NO
2023-04-11 16:16,29500,73200,4095,NO,NO
2023-04-11 16:18,29500,76100,4095,YES,NO
2023-04-11 16:20,29400,78000,4095,YES,NO
2023-04-11 16:22,29200,80400,4095,YES,NO
2023-04-11 16:24,29100,82100,4095,YES,NO
2023-04-11 16:26,29000,81800,4095,YES,NO
2023-04-11 16:28,28900,82200,4095,YES,NO
2023-04-11 16:30,28800,81000,4095,YES,NO
2023-04-11 16:32,28800,80400,3793,YES,NO
2023-04-11 16:34,29100,80600,3862,YES,NO
2023-04-11 16:36,29100,79300,4095,YES,NO
2023-04-11 16:38,29100,78800,3618,YES,NO
2023-04-11 16:40,29300,78000,3655,YES,NO
2023-04-11 16:42,29000,80400,3786,YES,NO
2023-04-11 16:44,29200,83000,3874,YES,NO
2023-04-11 16:46,28400,94200,3903,YES,NO
2023-04-11 16:48,28000,97800,3922,YES,NO
2023-04-11 16:50,27900,99400,3947,YES,NO
2023-04-11 16:52,27800,99400,3959,YES,NO
2023-04-11 16:54,27800,98900,3965,YES,NO
2023-04-11 16:56,27800,97400,3984,YES,NO
2023-04-11 16:58,27800,96900,3963,YES,NO
2023-04-11 17:00,27800,95900,3990,YES,NO
2023-04-11 17:02,27800,95400,3981,YES,NO
2023-04-11 17:04,27800,94900,3985,YES,NO
2023-04-11 17:06,27800,94400,3982,YES,NO
2023-04-11 17:08,27600,98000,3997,YES,NO
2023-04-11 17:10,27400,99600,3982,YES,NO
2023-04-11 17:12,27300,95000,3999,YES,NO
2023-04-11 17:14,27100,95000,3987,YES,NO
2023-04-11 17:16,27100,95000,3984,YES,NO
2023-04-11 17:18,27000,95000,3984,YES,NO
2023-04-11 17:20,27000,95000,4001,YES,NO
2023-04-11 17:22,27200,100200,4003,YES,NO
2023-04-11 17:24,27000,99200,3973,YES,NO
2023-04-11 17:26,27200,99200,3968,YES,NO
2023-04-11 17:28,27300,97600,4014,YES,NO
2023-04-11 17:30,27300,97100,3989,YES,NO
2023-04-11 17:32,27300,96600,3977,YES,NO
2023-04-11 17:34,27400,95600,3981,YES,NO
2023-04-11 17:36,27400,94100,3998,YES,NO
2023-04-11 17:38,27500,94500,3982,YES,NO
2023-04-11 17:40,27500,94000,4005,YES,NO
2023-04-11 17:42,27500,93700,3997,YES,NO
2023-04-11 17:44,27600,93700,3991,YES,NO
2023-04-11 17:46,27600,93700,3977,YES,NO
2023-04-11 17:48,27600,93700,3995,YES,NO
2023-04-11 17:50,27600,93400,3999,YES,NO
2023-04-11 17:52,27700,93400,3985,YES,NO
2023-04-11 17:54,27800,92900,4003,YES,NO
2023-04-11 17:56,27800,92400,3995,YES,NO
2023-04-11 17:58,27800,91900,4011,YES,NO
2023-04-11 18:00,27800,91900,3997,YES,NO
2023-04-11 18:02,27800,91600,4009,YES,NO
2023-04-11 18:04,27900,91900,4012,YES,NO
2023-04-11 18:06,27800,91450,3994,YES,NO
2023-04-11 18:08,27700,91000,3984,YES,NO
2023-04-11 18:10,27600,90700,3997,YES,NO
2023-04-11 18:12,27600,90700,3990,YES,NO
2023-04-11 18:14,27600,92000,3987,YES,NO
2023-04-11 18:16,27600,92000,4006,YES,NO
2023-04-11 18:18,27600,92000,4005,YES,NO
2023-04-11 18:20,27700,92500,3977,YES,NO
2023-04-11 18:22,27700,91700,3999,YES,NO
2023-04-11 18:24,27700,92000,3975,YES,NO
2023-04-11 18:26,27600,91700,4002,YES,NO
2023-04-11 18:28,27600,91400,3995,YES,NO
2023-04-11 18:30,27600,90700,3990,YES,NO
2023-04-11 18:32,27600,90400,3995,YES,NO
2023-04-11 18:34,27600,90400,3994,YES,NO
2023-04-11 18:36,27700,90400,3992,YES,NO
2023-04-11 18:38,27700,91000,3984,YES,NO
2023-04-11 18:40,27700,91000,3984,YES,NO
2023-04-11 18:42,27700,91400,3995,YES,NO
2023-04-11 18:44,27700,91400,3987,YES,NO
2023-04-11 18:46,27700,91000,3969,YES,NO
2023-04-11 18:48,27600,91000,3988,YES,NO
2023-04-11 18:50,27600,90700,4001,YES,NO
2023-04-11 18:52,27600,90400,3981,YES,NO
2023-04-11 18:54,27600,90400,3991,YES,NO
2023-04-11 18:56,27600,90400,3981,YES,NO
2023-04-11 18:58,27600,90700,3984,YES,NO
2023-04-11 19:00,27600,90400,3986,YES,NO
2023-04-11 19:02,27600,90000,3995,NO,NO
2023-04-11 19:04,27600,89700,3993,NO,NO
2023-04-11 19:06,27600,88700,3981,NO,NO
2023-04-11 19:08,27600,89000,4016,NO,NO
2023-04-11 19:10,27600,89000,3994,NO,NO
2023-04-11 19:12,27600,89000,3979,NO,NO
2023-04-11 19:14,27800,89600,3984,NO,NO
2023-04-11 19:16,27700,90400,3977,NO,NO
2023-04-11 19:18,27600,90400,3996,NO,NO
2023-04-11 19:20,27700,90000,4000,NO,NO
2023-04-11 19:22,27600,89700,3997,NO,NO
2023-04-11 19:24,27600,89000,3994,NO,NO
2023-04-11 19:26,27600,89400,3991,NO,NO
2023-04-11 19:28,27600,90400,3997,NO,NO
2023-04-11 19:30,27600,90000,4003,NO,NO
2023-04-11 19:32,27600,89700,3987,NO,NO
2023-04-11 19:34,27600,89700,3984,NO,NO
2023-04-11 19:36,27500,89000,4002,NO,NO
2023-04-11 19:38,27500,88400,3975,NO,NO
2023-04-11 19:40,27500,87800,3997,NO,NO
2023-04-11 19:42,27500,87300,4013,NO,NO
2023-04-11 19:44,27500,86500,3988,NO,NO
2023-04-11 19:46,27500,86800,3985,NO,NO
2023-04-11 19:48,27500,86500,3987,NO,NO
2023-04-11 19:50,27600,86800,4019,NO,NO
2023-04-11 19:52,27600,86800,3995,NO,NO
2023-04-11 19:54,27600,86800,3974,NO,NO
2023-04-11 19:56,27500,86500,3993,NO,NO
2023-04-11 19:58,27600,86300,4008,NO,NO
2023-04-11 20:00,27500,86300,3985,NO,NO
2023-04-11 20:02,27500,86000,4006,NO,NO
2023-04-11 20:04,27500,86300,4002,NO,NO
2023-04-11 20:06,27500,86300,3986,NO,NO
2023-04-11 20:08,27500,86300,4001,NO,NO
2023-04-11 20:10,27500,86300,4000,NO,NO
2023-04-11 20:12,27500,86000,4005,NO,NO
2023-04-11 20:14,27500,86500,4003,NO,NO
2023-04-11 20:16,27500,86800,3967,NO,NO
2023-04-11 20:18,27500,87300,3975,NO,NO
2023-04-11 20:20,27400,87600,3992,NO,NO
2023-04-11 20:22,27400,87600,3999,NO,NO
2023-04-11 20:24,27400,87600,3983,NO,NO
2023-04-11 20:26,27400,87900,3969,NO,NO
2023-04-11 20:28,27400,87600,3984,NO,NO
2023-04-11 20:30,27500,87500,3983,NO,NO
2023-04-11 20:32,27500,87500,3998,NO,NO
2023-04-11 20:34,27500,87800,4016,NO,NO
2023-04-11 20:36,27500,87800,3991,NO,NO
2023-04-11 20:38,27500,87300,3958,NO,NO
2023-04-11 20:40,27500,87000,4095,NO,NO
2023-04-11 20:42,27500,86800,4095,NO,NO
2023-04-11 20:44,27500,87000,4095,NO,NO
2023-04-11 20:46,27500,86500,4095,NO,NO
2023-04-11 20:48,27500,86300,4095,NO,NO
2023-04-11 20:50,27500,85800,4095,NO,NO
2023-04-11 20:52,27300,85900,4095,NO,NO
2023-04-11 20:54,27400,85900,4095,NO,NO
2023-04-11 20:56,27300,86100,4095,NO,NO
2023-04-11 20:58,27300,85900,4095,NO,NO
2023-04-11 21:00,27200,86500,4095,NO,NO
2023-04-11 21:02,27300,86600,4095,NO,NO
2023-04-11 21:04,27200,87000,4095,NO,NO
2023-04-11 21:06,27300,86900,4095,NO,NO
2023-04-11 21:08,27200,86700,4095,NO,NO
2023-04-11 21:10,27300,86400,4095,NO,NO
2023-04-11 21:12,27300,86400,4095,NO,NO
2023-04-11 21:14,27300,87100,4095,NO,NO
2023-04-11 21:16,27200,87500,4095,NO,NO
2023-04-11 21:18,27300,87600,4095,NO,NO
2023-04-11 21:20,27300,87400,4095,NO,NO
2023-04-11 21:22,27300,86900,4095,NO,NO
2023-04-11 21:24,27300,87600,4095,NO,NO
2023-04-11 21:26,27300,87900,4095,NO,NO
2023-04-11 21:28,27300,87600,4095,NO,NO
2023-04-11 21:30,27300,87600,4095,NO,NO
2023-04-11 21:32,27200,88000,4095,NO,NO
2023-04-11 21:34,27200,88000,4087,NO,NO
2023-04-11 21:36,27200,88000,4095,NO,NO
2023-04-11 21:38,27200,88000,4095,NO,NO
2023-04-11 21:40,27200,88000,4095,NO,NO
2023-04-11 21:42,27100,88200,4095,NO,NO
2023-04-11 21:44,27100,88600,4095,NO,NO
2023-04-11 21:46,27200,88600,4095,NO,NO
2023-04-11 21:48,27200,88900,4095,NO,NO
2023-04-11 21:50,27200,88600,4095,NO,NO
2023-04-11 21:52,27200,88600,4095,NO,NO
2023-04-11 21:54,27100,88200,4095,NO,NO
2023-04-11 21:56,27200,88200,4095,NO,NO
2023-04-11 21:58,27200,88600,4095,NO,NO
2023-04-11 22:00,27200,88200,4095,NO,NO
2023-04-11 22:02,27200,88600,4095,NO,NO
2023-04-11 22:04,27200,88600,4095,NO,NO
2023-04-11 22:06,27100,88600,4095,NO,NO
2023-04-11 22:08,27100,88900,4095,NO,NO
2023-04-11 22:10,27100,88600,4095,NO,NO
2023-04-11 22:12,27100,88600,4095,NO,NO
2023-04-11 22:14,27100,88900,4095,NO,NO
2023-04-11 22:16,27100,88900,4095,NO,NO
2023-04-11 22:18,27100,88900,4095,NO,NO
2023-04-11 22:20,27050,89050,4095,NO,NO
2023-04-11 22:22,27000,89200,4095,NO,NO
2023-04-11 22:24,27000,89200,4095,NO,NO
2023-04-11 22:26,27000,89200,4095,NO,NO
2023-04-11 22:28,27000,89200,4095,NO,NO
2023-04-11 22:30,27000,89200,4095,NO,NO
2023-04-11 22:32,27000,89600,4095,NO,NO
2023-04-11 22:34,27000,89600,4095,NO,NO
2023-04-11 22:36,27000,89200,4095,NO,NO
2023-04-11 22:38,27000,89200,4095,NO,NO
2023-04-11 22:40,27000,89600,4095,NO,NO
2023-04-11 22:42,26900,89700,4095,NO,NO
2023-04-11 22:44,26900,89700,4095,NO,NO
2023-04-11 22:46,26900,89700,4095,NO,NO
2023-04-11 22:48,26900,90000,4095,NO,NO
2023-04-11 22:50,26900,90000,4095,NO,NO
2023-04-11 22:52,26900,89700,4095,NO,NO
2023-04-11 22:54,26900,89700,4095,NO,NO
2023-04-11 22:56,26900,89700,4095,NO,NO
2023-04-11 22:58,26800,89300,4095,NO,NO
2023-04-11 23:00,26800,89300,4095,NO,NO
2023-04-11 23:02,26800,89300,4095,NO,NO
2023-04-11 23:04,26800,89300,4095,NO,NO
2023-04-11 23:06,26800,88700,4095,NO,NO
2023-04-11 23:08,26800,88700,4095,NO,NO
2023-04-11 23:10,26800,88700,4082,NO,NO
2023-04-11 23:12,26800,88700,4095,NO,NO
2023-04-11 23:14,26800,88700,4095,NO,NO
2023-04-11 23:16,26800,88700,4095,NO,NO
2023-04-11 23:18,26800,88700,4095,NO,NO
2023-04-11 23:20,26800,88700,4095,NO,NO
2023-04-11 23:22,26700,88400,4095,NO,NO
2023-04-11 23:24,26800,88300,4095,NO,NO
2023-04-11 23:26,26800,88300,4095,NO,NO
2023-04-11 23:28,26700,88400,4095,NO,NO
2023-04-11 23:30,26700,88400,4095,NO,NO
2023-04-11 23:32,26700,88400,4095,NO,NO
2023-04-11 23:34,26700,88400,4095,NO,NO
2023-04-11 23:36,26700,88400,4095,NO,NO
2023-04-11 23:38,26700,88400,4095,NO,NO
2023-04-11 23:40,26700,88400,4095,NO,NO
2023-04-11 23:42,26700,88400,4095,NO,NO
2023-04-11 23:44,26700,88400,4095,NO,NO
2023-04-11 23:46,26700,88200,4095,NO,NO
2023-04-11 23:48,26600,87900,4095,NO,NO
2023-04-11 23:50,26600,87900,4095,NO,NO
2023-04-11 23:52,26700,87900,4095,NO,NO
2023-04-11 23:54,26600,87900,4095,NO,NO
2023-04-11 23:56,26600,88200,4095,NO,NO
2023-04-11 23:58,26600,87900,4095,NO,NO
2023-04-12 00:00,26600,87900,4095,NO,NO
2023-04-12 00:02,26600,87900,4095,NO,NO
2023-04-12 00:04,26600,87900,4095,NO,NO
2023-04-12 00:06,26600,87900,4095,NO,NO
2023-04-12 00:08,26600,87900,4095,NO,NO
2023-04-12 00:10,26600,87900,4095,NO,NO
2023-04-12 00:12,26600,88200,4095,NO,NO
2023-04-12 00:14,26600,88200,4095,NO,NO
2023-04-12 00:18,26600,87900,4095,NO,NO
2023-04-12 00:20,26600,88200,4095,NO,NO
2023-04-12 00:22,26600,87900,4095,NO,NO
2023-04-12 00:24,26600,87900,4095,NO,NO
2023-04-12 00:26,26600,87900,4095,NO,NO
2023-04-12 00:28,26600,88200,4095,NO,NO
2023-04-12 00:30,26600,88200,4095,NO,NO
2023-04-12 00:32,26600,88200,4095,NO,NO
2023-04-12 00:34,26500,87900,4095,NO,NO
2023-04-12 00:36,26500,87900,4095,NO,NO
2023-04-12 00:38,26500,87900,4095,NO,NO
2023-04-12 00:40,26500,88200,4095,NO,NO
2023-04-12 00:42,26500,88200,4095,NO,NO
2023-04-12 00:44,26500,88200,4095,NO,NO
2023-04-12 00:46,26500,88200,4095,NO,NO
2023-04-12 00:48,26500,88200,4095,NO,NO
2023-04-12 00:50,26500,88400,4095,NO,NO
2023-04-12 00:52,26500,88400,4095,NO,NO
2023-04-12 00:54,26500,88400,4095,NO,NO
2023-04-12 00:56,26500,88200,4095,NO,NO
2023-04-12 00:58,26500,88200,4095,NO,NO
2023-04-12 01:00,26500,88200,4095,NO,NO
2023-04-12 01:02,26500,87900,4095,NO,NO
2023-04-12 01:04,26500,87900,4095,NO,NO
2023-04-12 01:06,26500,87900,4095,NO,NO
2023-04-12 01:08,26500,88200,4095,NO,NO
2023-04-12 01:10,26500,88200,4095,NO,NO
2023-04-12 01:12,26500,87900,4095,NO,NO
2023-04-12 01:14,26500,88200,4095,NO,NO
2023-04-12 01:16,26500,87900,4095,NO,NO
2023-04-12 01:18,26400,88000,4095,NO,NO
2023-04-12 01:20,26500,87900,4095,NO,NO
2023-04-12 01:22,26400,87800,4095,NO,NO
2023-04-12 01:24,26400,87500,4095,NO,NO
2023-04-12 01:26,26400,87300,4095,NO,NO
2023-04-12 01:28,26400,87300,4095,NO,NO
2023-04-12 01:30,26400,87300,4095,NO,NO
2023-04-12 01:32,26400,87300,4095,NO,NO
2023-04-12 01:34,26400,87000,4095,NO,NO
2023-04-12 01:36,26400,87300,4095,NO,NO
2023-04-12 01:38,26400,87000,4095,NO,NO
2023-04-12 01:40,26400,86800,4095,NO,NO
2023-04-12 01:42,26300,87000,4095,NO,NO
2023-04-12 01:44,26300,87000,4095,NO,NO
2023-04-12 01:46,26300,86800,4095,NO,NO
2023-04-12 01:48,26300,86800,4095,NO,NO
2023-04-12 01:50,26300,86500,4095,NO,NO
2023-04-12 01:52,26300,86800,4095,NO,NO
2023-04-12 01:54,26300,86800,4095,NO,NO
2023-04-12 01:56,26300,86500,4095,NO,NO
2023-04-12 01:58,26300,86000,4095,NO,NO
2023-04-12 02:00,26300,85500,4095,NO,NO
2023-04-12 02:02,26200,85200,4095,NO,NO
2023-04-12 02:04,26200,85200,4095,NO,NO
2023-04-12 02:06,26200,85400,4095,NO,NO
2023-04-12 02:08,26200,85600,4095,NO,NO
2023-04-12 02:10,26200,85600,4095,NO,NO
2023-04-12 02:12,26200,85600,4095,NO,NO
2023-04-12 02:14,26200,85600,4095,NO,NO
2023-04-12 02:16,26200,85200,4095,NO,NO
2023-04-12 02:18,26200,85200,4095,NO,NO
2023-04-12 02:20,26200,85400,4095,NO,NO
2023-04-12 02:22,26200,85400,4095,NO,NO
2023-04-12 02:24,26200,85400,4095,NO,NO
2023-04-12 02:26,26200,85400,4095,NO,NO
2023-04-12 02:28,26200,85000,4095,NO,NO
2023-04-12 02:30,26200,85000,4095,NO,NO
2023-04-12 02:32,26200,85000,4095,NO,NO
2023-04-12 02:34,26200,85200,4095,NO,NO
2023-04-12 04:56,26200,85400,3281,NO,NO
2023-04-12 04:58,26900,82000,3177,NO,NO
2023-04-12 05:00,25700,82500,3061,NO,NO
2023-04-12 05:02,25700,82500,2994,NO,NO
2023-04-12 05:04,25600,82700,2918,NO,NO
2023-04-12 05:06,25700,82700,2846,NO,NO
2023-04-12 05:08,25700,82700,2753,NO,NO
2023-04-12 05:12,25700,82700,3400,NO,NO
2023-04-12 05:14,25700,82700,3400,NO,NO
2023-04-12 05:16,25700,82800,3400,NO,NO
2023-04-12 05:18,25900,83900,3400,NO,NO
2023-04-12 05:20,26400,83900,3400,NO,NO
2023-04-12 05:22,26200,82800,3400,NO,NO
2023-04-12 05:24,25900,82700,3400,NO,NO
2023-04-12 05:26,25800,83200,3400,NO,NO
2023-04-12 05:28,25700,83500,3400,NO,NO
2023-04-12 05:30,25700,83800,3400,NO,NO
2023-04-12 05:32,25700,84400,3400,NO,NO
2023-04-12 05:34,25700,84400,3400,NO,NO
2023-04-12 05:36,25800,84700,3400,NO,NO
2023-04-12 05:38,26400,84900,3400,NO,NO
2023-04-12 05:40,26300,84900,3400,NO,NO
2023-04-12 05:42,26200,85900,3400,NO,NO
2023-04-12 05:44,26200,85900,3400,NO,NO
2023-04-12 05:46,26000,86100,3400,NO,NO
2023-04-12 05:48,25900,86000,3400,NO,NO
2023-04-12 05:50,25800,86200,3400,NO,NO
2023-04-12 05:52,25800,86200,3400,NO,NO
2023-04-12 05:54,25700,86100,3400,NO,NO
2023-04-12 05:56,25700,86100,3400,NO,NO
2023-04-12 05:58,25700,86100,3400,NO,NO
2023-04-12 06:00,25700,86300,3400,NO,NO
2023-04-12 06:02,25800,86500,3400,NO,NO
2023-04-12 06:04,25800,86700,3400,NO,NO
2023-04-12 06:06,25800,86700,3400,NO,NO
2023-04-12 06:08,25900,86700,3400,NO,NO
2023-04-12 06:10,25800,86200,3400,NO,NO
2023-04-12 06:12,25800,85500,3400,NO,NO
2023-04-12 06:14,25800,86200,3400,NO,NO
2023-04-12 06:16,25800,86000,3400,NO,NO
2023-04-12 06:18,25800,86500,3400,NO,NO
2023-04-12 06:20,25800,85700,3400,NO,NO
2023-04-12 06:22,25800,81400,3400,NO,NO
2023-04-12 06:24,25800,85500,3400,NO,NO
2023-04-12 06:26,25800,86200,3400,NO,NO
2023-04-12 06:28,25800,85300,3400,NO,NO
2023-04-12 06:30,25800,85500,3400,NO,NO
2023-04-12 06:32,25900,85700,3400,NO,NO
2023-04-12 06:34,25900,85700,3400,NO,NO
2023-04-12 06:36,26000,86400,3400,NO,NO
2023-04-12 06:38,26100,86900,3400,NO,NO
2023-04-12 06:40,26300,88300,3400,NO,NO
2023-04-12 06:42,26400,88900,3400,NO,NO
2023-04-12 06:44,26300,88000,3400,NO,NO
2023-04-12 06:46,26400,87500,3400,NO,NO
2023-04-12 06:48,26500,86700,3400,NO,NO
2023-04-12 06:50,26400,86000,3400,NO,NO
2023-04-12 06:52,26300,86300,3400,NO,NO
2023-04-12 06:54,26200,86900,3400,NO,NO
2023-04-12 06:56,26300,86500,3400,NO,NO
2023-04-12 06:58,26600,86400,3400,NO,NO
2023-04-12 07:00,26600,85400,3400,NO,NO
2023-04-12 07:02,26700,85200,3400,NO,NO
2023-04-12 07:04,26800,84900,3400,NO,NO
2023-04-12 07:06,26800,84900,3400,NO,NO
2023-04-12 07:08,26800,84500,3400,NO,NO
2023-04-12 07:10,26900,84500,3400,NO,NO
2023-04-12 07:12,26900,84700,3400,NO,NO
2023-04-12 07:14,27000,84600,3400,NO,NO
2023-04-12 07:16,27000,84200,3400,NO,NO
2023-04-12 07:18,27000,80900,3400,NO,NO
2023-04-12 07:20,26900,80800,3400,NO,NO
2023-04-12 07:22,26900,85100,3400,NO,NO
2023-04-12 07:24,27000,84800,3400,NO,NO
2023-04-12 07:26,27000,84400,3400,NO,NO
2023-04-12 07:36,27100,84200,3400,NO,NO
2023-04-12 07:38,27200,84400,3400,NO,NO
2023-04-12 07:40,27200,84200,3400,NO,NO
2023-04-12 07:42,27200,84400,3400,NO,NO
2023-04-12 07:44,27200,85000,3400,NO,NO
2023-04-12 07:46,27100,84400,3400,NO,NO
2023-04-12 07:48,27200,83400,3400,NO,NO
2023-04-12 07:50,27200,83100,3400,NO,NO
2023-04-12 07:52,27200,82900,3400,NO,NO
2023-04-12 07:54,27300,82800,3400,NO,NO
2023-04-12 07:56,27200,82600,3400,NO,NO
2023-04-12 07:58,27200,83400,3400,NO,NO
2023-04-12 08:00,27200,83600,3400,NO,NO
2023-04-12 08:02,27200,83600,3400,NO,NO
2023-04-12 08:04,27300,83700,3400,NO,NO
2023-04-12 08:06,27300,83300,3400,NO,NO
2023-04-12 08:08,27300,83500,3400,NO,NO
2023-04-12 08:10,27300,82000,3400,NO,NO
2023-04-12 08:12,27300,81300,3400,NO,NO
2023-04-12 08:14,27400,80600,3400,NO,NO
2023-04-12 08:16,27500,81400,3400,NO,NO
2023-04-12 08:18,27500,81000,3400,NO,NO
2023-04-12 08:20,27600,79900,3400,NO,NO
2023-04-12 08:22,27600,81200,3400,NO,NO
2023-04-12 08:24,27600,81700,3400,NO,NO
2023-04-12 08:26,27600,82000,3400,NO,NO
2023-04-12 08:28,27600,82500,3400,NO,NO
2023-04-12 08:30,27800,79100,3400,NO,NO
2023-04-12 08:32,27800,81800,3400,NO,NO
2023-04-12 08:34,27800,82400,3400,NO,NO
2023-04-12 08:36,27700,82500,3400,NO,NO
2023-04-12 08:38,27800,82800,3400,NO,NO
2023-04-12 08:40,27700,83200,3400,NO,NO
2023-04-12 08:44,27700,83200,3400,NO,NO
2023-04-12 08:46,27700,84400,3400,NO,NO
2023-04-12 08:48,27900,85200,3400,NO,NO
2023-04-12 08:50,28400,83700,3400,NO,NO
2023-04-12 08:52,28300,82400,3400,NO,NO
2023-04-12 08:54,28400,84500,3400,NO,NO
2023-04-12 08:56,28300,84100,3400,NO,NO
2023-04-12 08:58,28400,83900,3400,NO,NO
2023-04-12 09:00,28300,84700,3400,NO,NO
2023-04-12 09:02,28400,82100,3400,NO,NO
2023-04-12 09:04,28400,83100,3400,NO,NO
2023-04-12 09:06,28600,81300,3400,NO,NO
2023-04-12 09:08,28600,84200,3400,NO,NO
2023-04-12 09:10,28400,85000,3400,NO,NO
2023-04-12 09:12,28600,85900,3400,NO,NO
2023-04-12 09:14,28800,81500,3400,NO,NO
2023-04-12 09:16,29000,80300,3400,NO,NO
2023-04-12 09:18,29000,80900,3400,NO,NO
2023-04-12 09:20,29100,81900,3400,NO,NO
2023-04-12 09:22,28900,83500,3400,NO,NO
2023-04-12 09:24,28800,84500,3400,NO,NO
2023-04-12 09:26,29000,82400,3400,NO,NO
2023-04-12 09:28,29200,74900,3400,NO,NO
2023-04-12 09:30,29400,76400,3400,NO,NO
2023-04-12 09:32,29500,74200,3400,NO,NO
2023-04-12 09:34,29400,74900,3400,NO,NO
2023-04-12 09:36,29500,76700,3400,NO,NO
2023-04-12 09:38,29600,77000,3400,NO,NO
2023-04-12 09:40,29500,80200,3400,NO,NO
2023-04-12 09:42,29300,82000,3400,NO,NO
2023-04-12 09:44,29200,83200,3400,NO,NO
2023-04-12 09:46,29400,81300,3400,NO,NO
2023-04-12 09:48,29600,79200,3400,NO,NO
2023-04-12 09:50,29500,78900,3400,NO,NO
2023-04-12 09:52,29400,81200,3400,NO,NO
2023-04-12 09:54,29600,75000,3400,NO,NO
2023-04-12 09:56,29600,80100,3400,NO,NO
2023-04-12 09:58,29500,81700,3400,NO,NO
2023-04-12 10:00,29500,82400,3400,NO,NO
2023-04-12 10:02,29400,82900,3400,NO,NO
2023-04-12 10:04,29300,82200,3400,NO,NO
2023-04-12 10:06,29100,80100,3400,NO,NO
2023-04-12 10:08,29000,81400,3400,NO,NO
2023-04-12 10:10,28700,84200,3400,NO,NO
2023-04-12 10:12,28700,83000,3400,NO,NO
2023-04-12 10:14,28600,81600,3400,NO,NO
2023-04-12 10:16,28600,77800,3400,NO,NO
2023-04-12 10:18,28600,78300,3400,NO,NO
2023-04-12 10:20,28600,76900,3400,NO,NO
2023-04-12 10:22,28700,74300,3400,NO,NO
2023-04-12 10:24,28800,72300,3400,NO,NO
2023-04-12 10:26,28900,73300,3400,NO,NO
2023-04-12 10:28,29000,72600,3400,NO,NO
2023-04-12 10:30,29100,73900,3400,NO,NO
2023-04-12 10:32,29200,76600,3400,NO,NO
2023-04-12 10:34,29300,77100,3400,NO,NO
2023-04-12 10:36,29300,76800,3400,NO,NO
2023-04-12 10:38,29400,75000,3400,NO,NO
2023-04-12 10:40,29700,70600,3400,NO,NO
2023-04-12 10:42,29600,72300,3400,NO,NO
2023-04-12 10:44,29700,69300,3400,NO,NO
2023-04-12 10:46,29700,70000,3400,NO,NO
2023-04-12 10:48,29600,69000,3400,NO,NO
2023-04-12 10:50,29800,66700,3400,NO,NO
2023-04-12 10:52,30100,64000,3400,NO,NO
2023-04-12 10:54,30200,64700,3400,NO,NO
2023-04-12 10:56,30400,67200,3400,NO,NO
2023-04-12 10:58,30400,65800,3400,NO,NO
2023-04-12 11:00,30500,63600,3400,NO,NO
2023-04-12 11:02,30700,63700,3400,NO,NO
2023-04-12 11:06,30800,67600,3400,NO,NO
2023-04-12 11:08,30700,63600,3400,NO,NO
2023-04-12 11:10,30900,62400,3400,NO,NO
2023-04-12 11:12,30700,62200,3400,NO,NO
2023-04-12 11:14,30300,67200,3400,NO,NO
2023-04-12 11:16,30200,64200,3400,NO,NO
2023-04-12 11:18,30200,68200,3400,NO,NO
2023-04-12 11:20,30400,64500,3400,NO,NO
2023-04-12 11:22,30600,62300,3400,NO,NO
2023-04-12 11:24,30700,60800,3400,NO,NO
2023-04-12 11:26,30900,62100,3400,NO,NO
2023-04-12 11:28,30800,61500,3400,NO,NO
2023-04-12 11:30,30800,63700,3400,NO,NO
2023-04-12 11:32,30700,64700,3400,NO,NO
2023-04-12 11:34,30800,62300,3400,NO,NO
2023-04-12 11:36,31100,59500,3400,NO,NO
2023-04-12 11:38,31200,59700,3400,NO,NO
2023-04-12 11:40,31300,60500,3400,NO,NO
2023-04-12 11:42,31300,61700,3400,NO,NO
2023-04-12 11:44,31100,63400,3400,NO,NO
2023-04-12 11:46,31200,61600,3400,NO,NO
2023-04-12 11:48,31200,63800,3400,NO,NO
2023-04-12 11:50,31200,63900,3400,NO,NO
2023-04-12 11:52,31300,63500,3400,NO,NO
2023-04-12 11:54,31300,62000,3400,NO,NO
2023-04-12 11:56,31400,59900,3400,NO,NO
2023-04-12 11:58,31500,59000,3400,NO,NO
2023-04-12 12:00,31600,57600,3400,NO,NO
2023-04-12 12:02,31500,59800,3400,NO,NO
2023-04-12 12:04,31400,61300,3400,NO,NO
2023-04-12 12:06,31400,60700,3400,NO,NO
2023-04-12 12:08,31500,57500,3400,NO,NO
2023-04-12 12:10,31500,60800,3400,NO,NO
2023-04-12 12:12,31500,58700,3400,NO,NO
2023-04-12 12:14,31700,56100,3400,NO,NO
2023-04-12 12:16,31700,58800,3400,NO,NO
2023-04-12 12:18,31700,58100,3400,NO,NO
2023-04-12 12:20,31700,55400,3400,NO,NO
2023-04-12 12:22,31800,57100,3400,NO,NO
2023-04-12 12:24,31900,57000,3400,NO,NO
2023-04-12 12:26,32100,54600,3400,NO,NO
2023-04-12 12:28,32100,54900,3400,NO,NO
2023-04-12 12:30,32200,55500,3400,NO,NO
2023-04-12 12:32,32000,55900,3400,NO,NO
2023-04-12 12:34,32000,54900,3400,NO,NO
2023-04-12 12:36,32000,53600,3400,NO,NO
2023-04-12 12:38,32200,55400,3400,NO,NO
2023-04-12 12:40,32300,54200,3400,NO,NO
2023-04-12 12:42,32400,55400,3400,NO,NO
2023-04-12 12:44,32200,54900,3400,NO,NO
2023-04-12 12:46,32400,53600,3400,NO,NO
2023-04-12 12:48,32500,54300,3400,NO,NO
2023-04-12 12:50,32600,54500,3400,NO,NO
2023-04-12 12:52,32800,53200,3400,NO,NO
2023-04-12 12:54,32800,53700,3400,NO,NO
2023-04-12 12:56,32600,54100,3400,NO,NO
2023-04-12 12:58,32600,52800,3400,NO,NO
2023-04-12 13:00,32600,52500,3400,NO,NO
2023-04-12 13:02,32600,52900,3400,NO,NO
2023-04-12 13:04,32500,52600,3400,NO,NO
2023-04-12 13:06,32300,53000,3400,NO,NO
2023-04-12 13:08,32300,53900,3400,NO,NO
2023-04-12 13:10,32200,53100,3400,NO,NO
2023-04-12 13:12,32000,51400,3400,NO,NO
2023-04-12 13:14,32000,53000,3400,NO,NO
2023-04-12 13:16,32000,54100,3400,NO,NO
2023-04-12 13:18,32000,54100,3400,NO,NO
2023-04-12 13:20,32000,55200,3400,NO,NO
2023-04-12 13:22,32000,55300,3400,NO,NO
2023-04-12 13:24,32000,55400,3400,NO,NO
2023-04-12 13:26,32100,55900,3400,NO,NO
2023-04-12 13:28,32000,56500,3400,NO,NO
2023-04-12 13:30,32000,57300,3400,NO,NO
2023-04-12 13:32,31900,58300,3400,NO,NO
2023-04-12 13:34,32000,58700,3400,NO,NO
2023-04-12 13:36,32100,58600,3400,NO,NO
2023-04-12 13:38,32000,58900,3400,NO,NO
2023-04-12 13:40,32100,59500,3400,NO,NO
2023-04-12 13:42,32200,59500,3400,NO,NO
2023-04-12 13:44,32100,60000,3400,NO,NO
2023-04-12 13:46,31900,60200,3400,NO,NO
2023-04-12 13:48,31800,60100,3400,NO,NO
2023-04-12 13:50,31900,59900,3400,NO,NO
2023-04-12 13:52,32000,58700,3400,NO,NO
2023-04-12 13:54,32200,57900,3400,NO,NO
2023-04-12 13:56,32300,57900,3400,NO,NO
2023-04-12 13:58,32200,58500,3400,NO,NO
2023-04-12 14:00,32000,58200,3400,NO,NO
2023-04-12 14:02,31600,58500,3400,NO,NO
2023-04-12 14:04,31600,58500,3400,NO,NO
2023-04-12 14:06,31700,58600,3400,NO,NO
2023-04-12 14:08,31700,58600,3400,NO,NO
2023-04-12 14:10,31500,58300,3400,NO,NO
2023-04-12 14:12,31400,59100,3400,NO,NO
2023-04-12 14:14,31300,59900,3400,NO,NO
2023-04-12 14:16,30900,61000,3400,NO,NO
2023-04-12 14:18,30600,61800,3400,NO,NO
2023-04-12 14:20,30400,62400,3400,NO,NO
2023-04-12 14:22,30400,62400,3400,NO,NO
2023-04-12 14:24,30400,62500,3400,NO,NO
2023-04-12 14:26,30300,63100,3400,NO,NO
2023-04-12 14:28,30200,63100,3400,NO,NO
2023-04-12 14:30,30300,63800,3400,NO,NO
2023-04-12 14:32,30300,63400,3400,NO,NO
2023-04-12 14:34,30200,63800,3400,NO,NO
2023-04-12 14:36,30000,63900,3400,NO,NO
2023-04-12 14:38,29900,64100,3400,NO,NO
2023-04-12 14:40,29900,64200,3400,NO,NO
2023-04-12 14:42,29900,64500,3400,NO,NO
2023-04-12 14:44,29900,64900,3400,NO,NO
2023-04-12 14:46,29800,65000,3400,NO,NO
2023-04-12 14:48,29700,65200,3400,NO,NO
2023-04-12 14:50,29600,64700,3400,NO,NO
2023-04-12 14:52,29600,64200,3400,NO,NO
2023-04-12 14:54,29600,64200,3400,NO,NO
2023-04-12 14:56,29600,64300,3400,NO,NO
2023-04-12 14:58,29600,64100,3400,NO,NO
2023-04-12 15:00,29600,64500,3400,NO,NO
2023-04-12 15:02,29600,63600,3400,NO,NO
2023-04-12 15:04,29600,63700,3400,NO,NO
2023-04-12 15:06,29500,63700,3400,NO,NO
2023-04-12 15:08,29500,63600,3400,NO,NO
2023-04-12 15:10,29500,63800,3400,NO,NO
2023-04-12 15:12,29500,63800,3400,NO,NO
2023-04-12 15:14,29400,64000,3400,NO,NO
2023-04-12 15:16,29400,63800,3400,NO,NO
2023-04-12 15:18,29300,64200,3400,NO,NO
2023-04-12 15:20,29300,64500,3400,NO,NO
2023-04-12 15:22,29300,64800,3400,NO,NO
2023-04-12 15:24,29200,65100,3400,NO,NO
2023-04-12 15:26,29100,65600,3400,NO,NO
2023-04-12 15:28,29100,65400,3400,NO,NO
2023-04-12 15:30,29000,65300,3400,NO,NO
2023-04-12 15:32,29100,65500,3400,NO,NO
2023-04-12 15:34,29000,65200,3400,NO,NO
2023-04-12 15:36,29000,65400,3400,NO,NO
2023-04-12 15:38,29000,65700,3400,NO,NO
2023-04-12 15:40,29000,65800,3400,NO,NO
2023-04-12 15:42,28900,65900,3400,NO,NO
2023-04-12 15:44,28900,65900,3400,NO,NO
2023-04-12 15:46,29000,66400,3400,NO,NO
2023-04-12 15:48,28900,66700,3400,NO,NO
2023-04-12 15:50,29000,66800,3400,NO,NO
2023-04-12 15:52,29000,66900,3400,NO,NO
2023-04-12 15:54,29000,66800,3400,NO,NO
2023-04-12 15:56,28900,67200,3400,NO,NO
2023-04-12 15:58,28900,67400,3400,NO,NO
2023-04-12 16:00,29000,67300,3400,NO,NO
2023-04-12 16:02,28800,67400,3400,NO,NO
2023-04-12 16:04,28700,68100,3400,NO,NO
2023-04-12 16:06,28700,68000,3400,NO,NO
2023-04-12 16:08,28700,68300,3400,NO,NO
2023-04-12 16:10,28800,68400,3400,NO,NO
2023-04-12 16:12,28800,68500,3400,NO,NO
2023-04-12 16:14,28900,68900,3400,NO,NO
2023-04-12 16:16,29000,68300,3400,NO,NO
2023-04-12 16:18,28900,68300,3400,NO,NO
2023-04-12 16:20,28900,68300,3400,NO,NO
2023-04-12 16:22,28900,68300,3400,NO,NO
2023-04-12 16:24,28900,68900,3400,NO,NO
2023-04-12 16:26,28900,69400,3400,NO,NO
2023-04-12 16:28,28900,70800,3400,NO,NO
2023-04-12 16:30,28800,71800,3400,NO,NO
2023-04-12 16:32,28700,72300,3400,NO,NO
2023-04-12 16:34,28700,72900,3400,NO,NO
2023-04-12 16:36,28700,74400,3400,NO,NO
2023-04-12 16:38,28600,74600,3400,NO,NO
2023-04-12 16:40,28600,74900,3400,NO,NO
2023-04-12 16:42,28600,74500,3400,NO,NO
2023-04-12 16:44,28600,75100,3400,NO,NO
2023-04-12 16:46,28600,75300,3400,NO,NO
2023-04-12 16:48,28600,75400,3400,NO,NO
2023-04-12 16:50,28600,75500,3400,NO,NO
2023-04-12 16:52,28500,75900,3400,NO,NO
2023-04-12 16:54,28500,75700,3400,NO,NO
2023-04-12 16:56,28500,75700,3400,NO,NO
2023-04-12 16:58,28400,75800,3400,NO,NO
2023-04-12 18:48,27800,80100,3400,NO,NO
2023-04-12 18:50,27600,80400,3400,NO,NO
2023-04-12 18:52,27700,80400,3400,NO,NO
2023-04-12 18:54,27700,80200,3400,NO,NO
2023-04-12 18:56,27700,80500,3400,NO,NO
2023-04-12 18:58,27600,80500,3400,NO,NO
2023-04-12 19:00,27600,80500,3400,NO,NO
2023-04-12 19:02,27600,80700,3400,NO,NO
2023-04-12 19:04,27600,81000,3400,NO,NO
2023-04-12 19:06,27600,81000,3400,NO,NO
2023-04-12 19:08,27600,81400,3400,NO,NO
2023-04-12 19:10,27600,81700,3400,NO,NO
2023-04-12 19:12,27600,81500,3400,NO,NO
2023-04-12 19:14,27600,81400,3400,NO,NO
2023-04-12 19:16,27600,81500,3400,NO,NO
2023-04-12 19:18,27600,81900,3400,NO,NO
2023-04-12 19:20,27600,81900,3400,NO,NO
2023-04-12 19:22,27600,81700,3400,NO,NO
2023-04-12 19:24,27600,82000,3400,NO,NO
2023-04-12 19:26,27600,81900,3400,NO,NO
2023-04-12 19:28,27600,82500,3400,NO,NO
2023-04-12 19:30,27600,82500,3400,NO,NO
2023-04-12 19:32,27600,82400,3400,NO,NO
2023-04-12 19:34,27600,82700,3400,NO,NO
2023-04-12 19:36,27600,82900,3400,NO,NO
2023-04-12 19:38,27600,82400,3400,NO,NO
2023-04-12 19:40,27600,81900,3400,NO,NO
2023-04-12 19:42,27600,81900,3400,NO,NO
2023-04-12 19:44,27600,81700,3400,NO,NO
2023-04-12 19:46,27600,81900,3400,NO,NO
2023-04-12 19:48,27500,81500,3400,NO,NO
2023-04-12 19:50,27500,80900,3400,NO,NO
2023-04-12 19:52,27500,80700,3400,NO,NO
2023-04-12 19:54,27500,81000,3400,NO,NO
2023-04-12 19:56,27500,81400,3400,NO,NO
2023-04-12 19:58,27500,81000,3400,NO,NO
2023-04-12 20:00,27500,80900,3400,NO,NO
2023-04-12 20:02,27400,80600,3400,NO,NO
2023-04-12 20:04,27400,80800,3400,NO,NO
2023-04-12 20:06,27400,81000,3400,NO,NO
2023-04-12 20:08,27400,81000,3400,NO,NO
2023-04-12 20:10,27400,81000,3400,NO,NO
2023-04-12 20:12,27400,81100,3400,NO,NO
2023-04-12 20:14,27400,80600,3400,NO,NO
2023-04-12 20:16,27300,80500,3400,NO,NO
2023-04-12 20:18,27300,80000,3400,NO,NO
2023-04-12 20:20,27300,80500,3400,NO,NO
2023-04-12 20:22,27200,80600,3400,NO,NO
2023-04-12 20:24,27200,80400,3400,NO,NO
2023-04-12 20:26,27200,80700,3400,NO,NO
2023-04-12 20:28,27200,80700,3400,NO,NO
2023-04-12 20:30,27200,80700,3400,NO,NO
2023-04-12 20:32,27200,80600,3400,NO,NO
2023-04-12 20:34,27200,80700,3400,NO,NO
2023-04-15 22:20,28900,67400,4048,NO,NO
2023-04-15 22:30,27300,83000,4016,NO,NO
2023-04-15 22:40,27200,83800,3957,NO,NO
2023-04-15 22:50,27200,83800,3984,NO,NO
2023-04-15 23:00,27200,84000,3986,NO,NO
2023-04-15 23:10,27200,83600,3969,NO,NO
2023-04-15 23:20,27100,84400,3980,NO,NO
2023-04-15 23:30,27100,84400,4015,NO,NO
2023-04-15 23:40,27100,84600,4016,NO,NO
2023-04-15 23:50,27000,84200,4015,NO,NO
2023-04-16 00:00,26900,84700,4029,NO,NO
2023-04-16 00:10,26900,85100,4021,NO,NO
2023-04-16 00:20,27000,85500,4023,NO,NO
2023-04-16 00:30,26900,85100,4027,NO,NO
2023-04-16 00:40,26900,84900,4034,NO,NO
2023-04-16 00:50,26800,84100,4033,NO,NO
2023-04-16 01:00,26800,83700,4022,NO,NO
2023-04-16 01:10,26700,83800,4026,NO,NO
2023-04-16 01:20,26700,84200,4027,NO,NO
2023-04-16 01:30,26700,84000,4027,NO,NO
2023-04-16 01:40,26700,84600,4029,NO,NO
2023-04-16 01:50,26600,84600,4026,NO,NO
2023-04-16 02:00,26500,84200,4013,NO,NO
2023-04-16 02:10,26500,84800,4016,NO,NO
2023-04-16 02:20,26500,85700,4026,NO,NO
2023-04-16 02:30,26500,85400,4017,NO,NO
2023-04-16 02:40,26400,86000,4019,NO,NO
2023-04-16 02:50,26400,86300,4013,NO,NO
2023-04-16 03:00,26400,85300,4024,NO,NO
2023-04-16 03:10,26300,85500,4021,NO,NO
2023-04-16 03:20,26300,85500,4019,NO,NO
2023-04-16 03:30,26200,85400,4019,NO,NO
2023-04-16 03:40,26200,85900,4021,NO,NO
2023-04-16 03:50,26200,86100,4021,NO,NO
2023-04-16 04:00,26200,86100,4017,NO,NO
2023-04-16 04:10,26100,86400,4016,NO,NO
2023-04-16 04:20,26100,86600,4013,NO,NO
2023-04-16 04:30,26100,86900,4012,NO,NO
2023-04-16 04:40,25900,87000,3979,NO,NO
2023-04-16 04:50,25900,87000,4011,NO,NO
2023-04-16 05:00,25800,87200,3956,NO,NO
2023-04-16 05:10,25800,87500,3971,NO,NO
2023-04-16 05:20,25800,87700,3968,NO,NO
2023-04-16 07:30,26700,84400,2096,NO,NO
2023-04-16 07:40,26700,84600,2039,NO,NO
2023-04-16 07:50,26800,84500,2102,NO,NO
2023-04-16 08:00,26800,83300,2047,NO,NO
2023-04-16 08:10,26800,84700,2000,NO,NO
2023-04-16 08:20,26700,81400,1872,NO,NO
2023-04-16 12:30,28700,64100,1922,NO,NO
2023-04-16 12:40,29100,70800,2453,NO,NO
2023-04-16 12:50,29200,70300,2717,NO,NO
2023-04-16 13:00,28600,76900,2057,NO,NO
2023-04-16 13:10,28600,74700,1791,NO,NO
2023-04-16 13:20,28500,81000,1703,NO,NO
2023-04-16 13:40,28000,84000,2414,NO,NO
2023-04-16 14:00,27800,90300,1462,NO,NO
2023-04-16 14:20,27700,91400,752,NO,NO
2023-04-16 14:30,27900,91300,571,NO,NO
2023-04-16 14:40,28200,90800,787,NO,NO
2023-04-16 14:50,28400,89100,755,NO,YES
2023-04-16 15:00,28400,87700,795,NO,YES
2023-04-16 15:10,28400,85200,976,NO,YES
2023-04-16 15:20,28200,82700,1199,NO,NO
2023-04-16 15:30,28200,82000,1328,NO,NO
2023-04-16 15:40,28000,82000,1269,NO,NO
2023-04-16 15:50,27900,81800,1311,NO,NO
2023-04-16 16:00,27900,82400,1350,NO,NO
2023-04-16 16:10,27900,82600,1391,NO,NO
2023-04-16 16:20,27900,81900,1423,NO,NO
2023-04-16 16:30,27900,82300,1408,NO,NO
2023-04-16 16:40,28000,82700,1387,NO,NO
2023-04-16 16:50,28100,83600,2234,NO,NO
2023-04-16 17:00,27800,81800,2506,NO,NO
2023-04-16 17:10,27600,79900,2896,NO,NO
2023-04-16 17:20,27600,82200,3190,NO,NO
2023-04-16 17:30,27500,82500,3837,NO,NO
2023-04-16 17:40,27400,82600,3814,NO,NO
2023-04-16 17:50,27500,83000,3840,NO,NO
2023-04-16 18:00,27300,83300,3951,NO,NO
2023-04-16 18:10,27300,84500,3965,NO,NO
2023-04-16 18:20,27200,85500,3962,NO,NO
2023-04-16 18:30,27200,86500,3957,NO,NO
2023-04-16 18:40,27000,85500,3957,NO,NO
2023-04-16 18:50,27000,86000,3952,NO,NO
2023-04-16 19:00,26900,88700,3951,NO,NO
2023-04-16 19:10,26900,88100,3954,NO,NO
2023-04-16 19:20,26800,87600,3952,NO,NO
2023-04-16 19:30,26800,88100,3954,NO,NO
2023-04-16 19:40,26800,89000,3942,NO,NO
2023-04-16 19:50,26800,89300,3952,NO,NO
2023-04-16 20:00,26800,88700,3953,NO,NO
2023-04-16 20:40,26700,88800,3922,NO,NO
2023-04-16 20:50,27000,89200,3905,YES,NO
2023-04-16 21:00,26700,90400,3913,YES,NO
2023-04-16 21:10,26700,89800,3919,YES,NO
2023-04-16 21:20,26700,91100,3916,NO,NO
2023-04-16 21:30,26600,90400,3927,NO,NO
2023-04-16 21:40,26600,89800,3912,NO,NO
2023-04-16 21:50,26500,88800,3907,NO,NO
2023-04-16 22:00,26500,88200,3907,NO,NO
2023-04-16 22:10,26700,87400,3920,NO,NO
2023-04-16 22:20,26500,87400,3921,NO,NO
2023-04-16 22:30,26500,87400,3919,NO,NO
2023-04-16 22:40,26400,87500,3915,NO,NO
2023-04-16 22:50,26400,87500,3915,NO,NO
2023-04-16 23:00,26400,87800,3893,NO,NO
2023-04-16 23:10,26400,87500,3896,NO,NO
2023-04-16 23:20,26400,87800,3875,NO,NO
2023-04-16 23:30,26400,87500,3929,NO,NO
2023-04-16 23:40,26300,87500,3928,NO,NO
2023-04-16 23:50,26400,87500,3920,NO,NO
2023-04-17 00:00,26400,87300,3932,NO,NO
2023-04-17 00:10,26300,87500,3920,NO,NO
2023-04-17 00:20,26200,86900,3925,NO,NO
2023-04-17 00:30,26200,87100,3926,NO,NO
2023-04-17 00:40,26200,87100,3923,NO,NO
2023-04-17 00:50,26200,87400,3936,NO,NO
2023-04-17 01:00,26200,87400,3924,NO,NO
2023-04-17 01:10,26200,87400,3934,NO,NO
2023-04-17 01:20,26200,87600,3927,NO,NO
2023-04-17 01:30,26200,88100,3927,NO,NO
2023-04-17 01:40,26200,87900,3945,NO,NO
2023-04-17 01:50,26100,87600,3953,NO,NO
2023-04-17 02:00,26000,87900,3920,NO,NO
2023-04-17 02:10,26000,87900,3934,NO,NO
2023-04-17 02:20,26000,88400,3930,NO,NO
2023-04-17 02:30,26000,88100,3923,NO,NO
2023-04-17 02:40,26100,88400,3916,NO,NO
2023-04-17 02:50,26000,88400,3937,NO,NO
2023-04-17 03:00,26000,88100,3937,NO,NO
2023-04-17 03:10,26000,88100,3925,NO,NO
2023-04-17 03:20,25900,88500,3923,NO,NO
2023-04-17 03:30,25900,88500,3927,NO,NO
2023-04-17 03:40,25900,88500,3923,NO,NO
2023-04-17 03:50,25900,88200,3932,NO,NO
2023-04-17 04:00,25800,88700,3919,NO,NO
2023-04-17 04:10,25900,89700,3921,NO,NO
2023-04-17 04:20,25900,89700,3933,NO,NO
2023-04-17 04:30,25900,89700,3933,NO,NO
2023-04-17 04:40,25900,90100,3933,NO,NO
2023-04-17 04:50,25800,89700,3868,NO,NO
2023-04-17 05:00,25800,88700,3878,NO,NO
2023-04-17 05:10,25700,88100,3935,NO,NO
2023-04-17 05:20,25700,87600,3909,NO,NO
2023-04-17 05:30,25600,87600,3917,NO,NO
2023-04-17 05:40,25600,87100,3874,NO,NO
2023-04-17 05:50,25500,87300,3657,NO,NO
2023-04-17 06:00,25500,87300,3063,NO,NO
2023-04-17 06:10,25500,87100,2671,NO,NO
2023-04-17 06:20,25500,86800,2220,NO,NO
2023-04-17 06:30,25500,87300,2066,NO,NO
2023-04-17 06:40,25500,87600,1744,NO,NO
2023-04-17 06:50,25800,88200,1555,NO,NO
2023-04-17 07:00,26400,87800,2197,NO,NO
2023-04-17 07:10,26200,87400,2215,NO,NO
2023-04-17 07:20,25700,88300,2047,NO,NO
2023-04-17 07:30,25700,86600,1825,NO,NO
2023-04-17 07:40,26100,90600,1899,NO,NO
2023-04-17 07:50,26100,90600,1791,NO,NO
2023-04-17 08:00,25900,90400,1669,NO,NO
2023-04-17 08:10,26000,89000,1602,NO,NO
2023-04-17 08:20,26100,89600,1474,NO,NO
2023-04-17 08:30,26200,88100,1600,NO,NO
2023-04-17 08:40,26400,88500,1543,NO,NO
2023-04-17 08:50,26400,87300,1488,NO,YES
2023-04-17 09:00,26400,88500,1488,NO,YES
2023-04-17 09:10,26500,86900,1661,NO,YES
2023-04-17 09:20,26600,86900,1584,NO,YES
2023-04-17 09:30,26500,89100,1430,NO,NO
2023-04-17 09:40,26800,85300,1379,NO,NO
2023-04-17 09:50,26800,87100,1313,NO,NO
2023-04-17 10:00,27000,88000,1201,NO,NO
2023-04-17 10:10,27400,84500,1177,NO,NO
2023-04-17 10:20,27800,84700,1150,NO,NO
2023-04-17 10:30,27900,82800,1088,NO,NO
2023-04-17 10:40,28400,77900,1069,NO,NO
2023-04-17 10:50,28400,78400,1294,NO,NO
2023-04-17 11:00,28900,76600,1286,NO,NO
2023-04-17 11:10,28000,84200,1134,NO,NO
2023-04-17 11:20,28400,71700,1168,NO,NO
2023-04-17 11:30,28800,70600,1162,NO,NO
2023-04-17 11:40,28900,73900,1467,NO,NO
2023-04-17 11:50,28700,78400,1589,NO,NO
2023-04-17 12:00,28700,81300,1217,NO,NO
2023-04-17 12:10,28800,79400,1351,NO,NO
2023-04-17 12:20,29000,74600,1735,NO,NO
2023-04-17 12:30,28900,78200,1627,NO,NO
2023-04-17 12:40,28800,78200,1511,NO,NO
2023-04-17 12:50,28800,77800,1830,NO,NO
2023-04-17 13:00,28900,76800,1664,NO,NO
2023-04-17 13:10,28800,78100,1486,NO,NO
2023-04-17 13:20,28800,77300,1157,NO,NO
2023-04-17 13:30,29900,72100,1417,NO,NO
2023-04-17 13:40,29800,70600,1711,NO,NO
2023-04-17 13:50,29500,71900,1155,NO,NO
2023-04-17 14:00,29400,73900,1722,NO,NO
2023-04-17 14:10,29600,72000,1616,NO,NO
2023-04-17 14:20,29900,69200,1296,NO,NO
2023-04-17 14:30,29900,68800,2064,NO,NO
2023-04-17 14:40,29800,67300,3442,NO,NO
2023-04-17 14:50,29200,69700,3903,YES,NO
2023-04-17 15:00,29000,71600,3952,YES,NO
2023-04-17 15:10,28700,74300,3728,YES,NO
2023-04-17 15:20,28450,76000,3045,YES,NO
2023-04-17 15:30,28200,77700,2738,NO,NO
2023-04-17 15:40,28200,77600,2738,NO,NO
2023-04-17 15:50,28200,77700,2738,NO,NO
2023-04-17 16:00,28100,77300,2352,NO,NO
2023-04-17 16:10,28100,76500,2419,NO,NO
2023-04-17 16:20,28200,78000,2498,NO,NO
2023-04-17 16:30,28100,77100,2693,NO,NO
2023-04-17 16:40,28100,78500,2771,NO,NO
2023-04-17 16:50,28000,79000,2906,NO,NO
2023-04-17 17:00,28200,78800,3049,NO,NO
2023-04-17 17:10,28200,77800,3195,NO,NO
2023-04-17 17:20,28000,79000,3385,NO,NO
2023-04-17 17:30,28000,80000,3638,NO,NO
2023-04-17 17:40,27800,80300,4047,NO,NO
2023-04-17 17:50,27800,80900,4095,NO,NO
2023-04-17 18:00,27700,81000,4095,NO,NO
2023-04-17 18:10,27800,81100,4095,NO,NO
2023-04-17 18:20,27800,81100,4095,NO,NO
2023-04-17 18:30,27700,81700,4095,NO,NO
2023-04-17 18:40,27700,81500,4095,NO,NO
2023-04-17 18:50,27700,81900,4095,NO,NO
2023-04-17 19:00,27600,82200,4095,NO,NO
2023-04-17 19:10,27600,82700,4095,NO,NO
2023-04-17 19:20,27500,82700,4095,NO,NO
2023-04-17 19:30,27500,82000,4095,NO,NO
2023-04-17 19:40,27400,82100,4095,NO,NO
2023-04-17 19:50,27400,82300,4095,NO,NO
2023-04-17 20:00,27400,82100,4095,NO,NO
2023-04-17 20:10,27300,82300,4095,NO,NO
2023-04-17 20:20,27300,82300,4095,NO,NO
2023-04-17 20:30,27300,83100,4095,NO,NO
2023-04-19 15:20,28150,85259,2357,NO,NO
2023-04-19 15:30,29000,87418,2496,NO,NO
2023-04-19 15:40,29000,87437,2191,NO,NO
2023-04-19 17:20,28800,87592,3009,NO,NO
2023-04-19 17:30,28600,87684,3526,NO,NO
2023-04-19 17:40,28450,87568,3895,NO,NO
2023-04-19 17:50,28300,87637,4080,NO,NO
2023-04-19 18:00,28250,87473,4095,NO,NO
2023-04-19 18:10,28200,87446,4095,NO,NO
2023-04-19 18:20,28200,87393,4095,NO,NO
2023-04-19 18:30,28200,87286,4095,NO,NO
2023-04-19 18:40,28300,87272,4095,NO,NO
2023-04-19 18:50,28300,87044,4095,NO,NO
2023-04-19 19:00,28200,87187,4095,NO,NO
2023-04-19 19:10,28200,87274,4095,NO,NO
2023-04-19 19:20,28200,87448,4095,NO,NO
2023-04-19 19:30,28200,87497,4095,NO,NO
2023-04-19 19:40,28000,87594,4095,NO,NO
2023-04-19 19:50,28000,87788,4095,NO,NO
2023-04-19 20:00,28000,87975,4095,NO,NO
2023-04-19 20:10,28000,87851,4095,NO,NO
2023-04-19 20:20,28000,87802,4095,NO,NO
2023-04-19 20:30,27900,88003,4095,NO,NO
2023-04-19 20:40,27900,88106,4095,NO,NO
2023-04-19 20:50,27950,88313,4095,NO,NO
2023-04-19 21:00,28000,88226,4095,NO,NO
2023-04-19 21:10,28100,88352,4095,NO,NO
2023-04-19 21:20,27900,88303,4095,NO,NO
2023-04-19 21:30,27800,88206,4095,NO,NO
2023-04-19 21:40,27800,88312,4095,NO,NO
2023-04-19 21:50,27800,88524,4095,NO,NO
2023-04-19 22:00,27800,88549,4095,NO,NO
2023-04-19 22:10,27800,88597,4095,NO,NO
2023-04-19 22:20,27800,88695,4095,NO,NO
2023-04-19 22:30,27800,89190,4095,NO,NO
2023-04-19 22:40,27700,89680,4095,NO,NO
2023-04-19 22:50,27600,89659,4095,NO,NO
2023-04-19 23:00,27600,89619,4095,NO,NO
2023-04-19 23:10,27500,89537,4095,NO,NO
2023-04-19 23:20,27500,88974,4095,NO,NO
2023-04-19 23:30,27500,88249,4095,NO,NO
2023-04-19 23:40,27400,87797,4095,NO,NO
2023-04-19 23:50,27500,87495,4095,NO,NO
2023-04-20 00:00,27400,87390,4095,NO,NO
2023-04-20 00:10,27500,87180,4095,NO,NO
2023-04-20 00:20,27400,87260,4095,NO,NO
2023-04-20 00:30,27500,87219,4095,NO,NO
2023-04-20 00:40,27400,87139,4095,NO,NO
2023-04-20 00:50,27400,87178,4095,NO,NO
2023-04-20 01:00,27400,87556,4095,NO,NO
2023-04-20 01:10,27300,87812,4095,NO,NO
2023-04-20 01:20,27300,88024,4095,NO,NO
2023-04-20 01:30,27300,87848,4095,NO,NO
2023-04-20 01:40,27300,87896,4095,NO,NO
2023-04-20 01:50,27200,88391,4095,NO,NO
2023-04-20 02:00,27200,88482,4095,NO,NO
2023-04-20 02:10,27200,90364,4095,NO,NO
2023-04-20 02:20,27100,90129,4095,NO,NO
2023-04-20 02:30,27000,89657,4095,NO,NO
2023-04-20 02:40,27000,88915,4095,NO,NO
2023-04-20 02:50,27000,88830,4095,NO,NO
2023-04-20 03:00,27000,88059,4095,NO,NO
2023-04-20 03:10,27000,88018,4095,NO,NO
2023-04-20 03:20,26900,87536,4095,NO,NO
2023-04-20 03:30,27000,87773,4095,NO,NO
2023-04-20 03:40,27000,87046,4095,NO,NO
2023-04-20 03:50,27000,87191,4095,NO,NO
2023-04-20 04:00,27000,87482,4095,NO,NO
2023-04-20 04:10,26900,85864,4095,NO,NO
2023-04-20 04:20,26800,86429,4095,NO,NO
2023-04-20 04:30,26700,85758,4095,NO,NO
2023-04-20 04:40,26600,83516,4095,NO,NO
2023-04-20 04:50,26600,82531,4095,NO,NO
2023-04-20 05:00,26600,80363,4095,NO,NO
2023-04-20 05:10,26500,77926,4095,NO,NO
2023-04-20 05:20,26500,77951,4095,NO,NO
2023-04-20 05:30,26500,77503,4095,NO,NO
2023-04-20 05:40,26400,78405,4095,NO,NO
2023-04-20 05:50,26400,72611,3878,NO,NO
2023-04-20 06:00,26400,73521,3376,NO,NO
2023-04-20 06:10,26300,76442,2976,NO,NO
2023-04-20 06:20,26300,78984,2581,NO,NO
2023-04-20 06:30,26300,79568,2398,NO,NO
2023-04-20 06:40,26200,77836,2165,NO,NO
2023-04-20 06:50,26200,76272,2018,NO,NO
2023-04-20 07:00,26300,77944,1861,NO,NO
2023-04-20 07:10,26400,77688,1759,NO,NO
2023-04-20 07:20,26400,77176,1755,NO,NO
2023-04-20 07:30,26800,76552,1671,NO,NO
2023-04-20 07:40,27200,76304,2095,NO,NO
2023-04-20 07:50,27200,74509,2017,NO,NO
2023-04-20 08:00,26900,71718,1890,NO,NO
2023-04-20 08:10,27300,71335,1728,NO,NO
2023-04-20 08:20,27300,72071,1632,NO,NO
2023-04-20 08:30,27400,72242,1604,NO,NO
2023-04-20 08:40,27400,70584,1424,NO,NO
2023-04-20 08:50,27600,69167,1409,NO,NO
2023-04-20 09:00,27700,69135,1354,NO,NO
2023-04-20 09:10,27800,69469,1281,NO,NO
2023-04-20 09:20,28000,71639,1380,NO,NO
2023-04-20 09:30,28000,73578,1527,NO,NO
2023-04-20 09:40,28000,75555,1614,NO,NO
2023-04-20 09:50,27800,76810,1599,NO,NO
2023-04-20 10:00,27800,77620,1648,NO,NO
2023-04-20 10:10,27900,77540,1653,NO,NO
2023-04-20 10:20,28100,77481,1681,NO,NO
2023-04-20 10:30,28300,77262,1708,NO,NO
2023-04-20 10:40,28300,77224,1709,NO,NO
2023-04-20 10:50,28300,77948,1627,NO,NO
2023-04-20 11:00,28400,77896,1548,NO,NO
2023-04-20 11:10,28300,78692,1408,NO,NO
2023-04-20 11:20,28600,78883,1269,NO,NO
2023-04-20 11:30,28600,78766,1182,NO,NO
2023-04-20 11:40,28800,78732,1088,NO,NO
2023-04-20 11:50,29200,79665,979,NO,NO
2023-04-20 12:00,29200,80329,1158,NO,NO
2023-04-20 12:10,29600,80658,1063,NO,NO
2023-04-20 12:20,29500,81016,1392,NO,NO
2023-04-20 12:30,29000,81132,875,NO,NO
2023-04-20 12:40,29100,81264,852,NO,NO
2023-04-20 12:50,30000,81429,1011,NO,NO
2023-04-20 13:00,29700,81758,1152,NO,NO
2023-04-20 13:10,29600,81816,1809,NO,NO
2023-04-20 13:20,29400,82132,1766,NO,NO
2023-04-20 13:30,29200,82363,1409,NO,NO
2023-04-20 13:40,29400,82527,1607,NO,NO
2023-04-20 13:50,29400,82353,1105,NO,NO
2023-04-20 14:00,29600,82006,1193,NO,NO
2023-04-20 14:10,29700,82013,1126,NO,NO
2023-04-20 14:20,29800,81925,1294,NO,NO
2023-04-20 14:30,30000,81550,3472,NO,NO
2023-04-20 14:40,29800,81000,3629,NO,NO
2023-04-20 14:50,29250,79700,3766,NO,NO
2023-04-20 15:00,29600,77100,3728,NO,NO
2023-04-25 20:10,28700,71100,3168,NO,NO
2023-04-25 20:30,27800,71100,3344,NO,NO
2023-04-25 20:40,27200,92200,3325,NO,NO
2023-04-25 20:50,27200,91900,3355,NO,NO
2023-04-25 21:00,27200,91200,3345,NO,NO
2023-04-25 21:10,27200,91600,3319,NO,NO
2023-04-25 21:20,27200,91900,3344,NO,NO
2023-04-25 21:30,27200,91600,3306,NO,NO
2023-04-25 21:40,26800,72500,4067,NO,NO
2023-04-25 21:50,26400,91200,4044,NO,NO
2023-04-25 22:00,25500,94800,4069,NO,NO
2023-04-25 22:10,25400,95400,4047,NO,NO
2023-04-25 22:20,25400,95900,4034,NO,NO
2023-04-25 22:30,25500,96300,4048,NO,NO
2023-04-25 22:40,25600,96300,4036,NO,NO
2023-04-25 22:50,25600,96300,4048,NO,NO
2023-04-25 23:00,25500,96300,4057,NO,NO
2023-04-25 23:10,25600,96300,4043,NO,NO
2023-04-25 23:20,25500,96300,4032,NO,NO
2023-04-25 23:30,25500,95800,4046,NO,NO
2023-04-25 23:40,25500,96300,4046,NO,NO
2023-04-25 23:50,25500,96300,4040,NO,NO
2023-04-26 00:00,25500,96300,4032,NO,NO
2023-04-26 00:10,25500,95300,4033,NO,NO
2023-04-26 00:20,25400,94600,4036,NO,NO
2023-04-26 00:30,25400,94300,4019,NO,NO
2023-04-26 00:40,25400,94900,4034,NO,NO
2023-04-26 00:50,25400,95400,4036,NO,NO
2023-04-26 01:00,25400,94900,4048,NO,NO
2023-04-26 01:10,25400,94900,4032,NO,NO
2023-04-26 01:20,25400,94900,4048,NO,NO
2023-04-26 01:30,25300,94600,4046,NO,NO
2023-04-26 01:40,25300,94900,4037,NO,NO
2023-04-26 01:50,25200,95500,4033,NO,NO
2023-04-26 02:00,25200,95500,3953,NO,NO
2023-04-26 02:10,25200,95500,4033,NO,NO
2023-04-26 02:20,25200,95500,4038,NO,NO
2023-04-26 02:30,25100,95500,4033,NO,NO
2023-04-26 02:40,25100,95000,4033,NO,NO
2023-04-26 02:50,25100,95000,4039,NO,NO
2023-04-26 03:00,25100,95000,4048,NO,NO
2023-04-26 03:10,25200,95500,4031,NO,NO
2023-04-26 03:20,25100,95500,4038,NO,NO
2023-04-26 03:30,25200,95500,4038,NO,NO
2023-04-26 03:40,25200,95500,4034,NO,NO
2023-04-26 03:50,25200,95500,4047,NO,NO
2023-04-26 04:00,25200,96000,4041,NO,NO
2023-04-26 04:10,25100,95500,4048,NO,NO
2023-04-26 04:20,25100,95500,4033,NO,NO
2023-04-26 04:30,25200,95000,4048,NO,NO
2023-04-26 04:40,25100,94400,4041,NO,NO
2023-04-26 04:50,25100,94400,4031,NO,NO
2023-04-26 05:00,25000,94400,4027,NO,NO
2023-04-26 05:10,25000,94700,4037,NO,NO
2023-04-26 05:20,25000,94700,4049,NO,NO
2023-04-26 05:30,24900,94700,4019,NO,NO
2023-04-26 05:40,24900,94700,3974,NO,NO
2023-04-26 05:50,25000,94700,3728,NO,NO
2023-04-26 06:00,25000,95500,3196,NO,NO
2023-04-26 06:10,24900,94700,2715,NO,NO
2023-04-26 06:20,24900,94000,2241,NO,NO
2023-04-26 06:30,24900,94400,1702,NO,NO
2023-04-26 06:40,24900,92400,1502,NO,NO
2023-04-26 06:50,25000,93000,1425,NO,NO
2023-04-26 07:00,25200,92400,1421,NO,NO
2023-04-26 07:10,25200,93000,1121,NO,NO
2023-04-26 07:20,25300,92600,961,NO,NO
2023-04-26 07:30,25500,92200,1069,NO,NO
2023-04-26 07:40,25800,93200,1638,NO,NO
2023-04-26 07:50,25800,93700,1638,NO,NO
2023-04-26 08:00,25600,92500,1611,NO,YES
2023-04-26 08:10,25800,91700,1439,NO,YES
2023-04-26 08:20,26000,91000,1429,NO,YES
2023-04-26 08:30,26000,90600,1265,NO,YES
2023-04-26 08:40,26100,91300,1176,NO,YES
2023-04-26 08:50,26200,88100,1302,NO,YES
2023-04-26 09:00,26300,90200,1333,NO,YES
2023-04-26 09:10,26300,90500,1299,NO,YES
2023-04-26 09:20,26400,90500,1219,NO,YES
2023-04-26 09:30,26600,88400,1207,NO,YES
2023-04-26 09:40,26600,89100,1215,NO,NO
2023-04-26 09:50,26600,89400,1314,NO,NO
2023-04-26 10:00,26800,88300,1254,NO,NO
2023-04-26 10:10,27000,86200,1216,NO,NO
2023-04-26 10:20,27200,87700,1074,NO,NO
2023-04-26 10:30,27600,83200,1237,NO,NO
2023-04-26 10:40,27400,86900,1201,NO,NO
2023-04-26 10:50,27500,85800,1184,NO,NO
2023-04-26 11:00,27500,88000,1088,NO,NO
2023-04-26 11:10,28200,80300,1073,NO,NO
2023-04-26 11:20,28300,76600,1088,NO,NO
2023-04-26 11:30,27900,86900,1089,NO,NO
2023-04-26 11:40,28600,78000,1061,NO,NO
2023-04-26 11:50,28900,76400,1052,NO,NO
2023-04-26 12:00,28200,86100,1019,NO,NO
2023-04-26 12:10,28800,78100,997,NO,NO
2023-04-26 12:20,28200,83400,983,NO,NO
2023-04-26 12:30,28400,81700,976,NO,NO
2023-04-26 12:40,28500,79100,862,NO,NO
2023-04-26 12:50,28900,79700,1345,NO,NO
2023-04-26 13:00,29400,78300,1013,NO,NO
2023-04-26 13:10,28800,84100,989,NO,NO
2023-04-26 13:20,29100,80600,1059,NO,NO
2023-04-26 13:30,28800,82200,1438,NO,NO
2023-04-26 13:40,29000,82800,2045,NO,NO
2023-04-26 13:50,28400,86500,2996,NO,NO
2023-04-26 14:00,28200,85800,3483,YES,NO
2023-04-26 14:10,27900,82600,2147,YES,NO
2023-04-26 14:20,27500,85500,1702,YES,NO
2023-04-26 14:30,26200,93600,1701,YES,NO
2023-04-26 14:40,26600,91400,1775,YES,NO
2023-04-26 14:50,26800,92000,1703,YES,NO
2023-04-26 15:00,26800,91700,1872,YES,NO
2023-04-26 15:10,27000,93600,2096,YES,NO
2023-04-26 15:20,27200,92200,1871,YES,NO
2023-04-26 15:30,27200,92200,2433,YES,NO
2023-04-26 15:40,26300,92500,1839,NO,NO
2023-04-26 15:50,25800,91100,2351,NO,NO
2023-04-26 16:00,25700,92500,2573,NO,NO
2023-04-26 16:10,26200,94300,2800,NO,NO
2023-04-26 16:20,26600,94900,2806,NO,NO
2023-04-26 16:30,26700,94900,2910,NO,NO
2023-04-26 16:40,26700,94900,3177,NO,NO
2023-04-26 16:50,26800,94000,3185,NO,NO
2023-04-26 17:00,26700,92900,3312,NO,NO
2023-04-26 17:10,26700,92900,3369,NO,NO
2023-04-26 17:20,26600,92400,3502,NO,NO
2023-04-26 17:30,26500,93400,3815,NO,NO
2023-04-26 17:40,26400,92500,4095,NO,NO
2023-04-26 17:50,26300,92500,4095,NO,NO
2023-04-26 18:00,26200,93100,4095,NO,NO
2023-04-26 18:10,26100,94000,4095,NO,NO
2023-04-26 18:20,26000,94000,4095,NO,NO
2023-04-26 18:30,26000,94000,4095,NO,NO
2023-04-26 18:40,26100,94000,4095,NO,NO
2023-04-26 18:50,26000,94000,4095,NO,NO
2023-04-26 19:00,26000,94300,4095,NO,NO
2023-04-26 19:10,26000,94300,4095,NO,NO
2023-04-26 19:20,25800,93700,4095,NO,NO
2023-04-26 19:30,25900,93700,3917,NO,NO
2023-04-26 19:40,25900,94400,3907,NO,NO
2023-04-26 19:50,25900,94100,3919,NO,NO
2023-04-26 20:00,25900,93700,3905,NO,NO
2023-04-26 20:10,25850,93450,3910,NO,NO
2023-04-26 20:20,25800,93200,3904,NO,NO
2023-04-26 20:30,25800,93200,3901,NO,NO
2023-04-26 20:40,25800,93200,3911,NO,NO
2023-04-26 20:50,25700,93300,3856,NO,NO
2023-04-26 21:10,25600,93300,3872,NO,NO
2023-04-26 21:20,25600,92800,3868,NO,NO
2023-04-26 21:30,25500,92800,3871,NO,NO
2023-04-26 21:40,25500,93300,3867,NO,NO
2023-04-26 21:50,25300,92600,3856,NO,NO
2023-04-26 22:00,25400,92900,3830,NO,NO
2023-04-26 22:10,25400,93400,3855,NO,NO
2023-04-26 22:20,25400,93400,3869,NO,NO
2023-04-26 22:30,25400,93400,3891,NO,NO
2023-04-26 22:40,25300,92900,3895,NO,NO
2023-04-26 22:50,25300,93400,3879,NO,NO
2023-04-26 23:00,25300,93900,3893,NO,NO
2023-04-26 23:10,25300,93900,3891,NO,NO
2023-04-26 23:20,25200,93000,3887,NO,NO
2023-04-26 23:30,25200,93000,3886,NO,NO
2023-04-26 23:40,25300,93900,3881,NO,NO
2023-04-26 23:50,25200,93500,3872,NO,NO
2023-04-27 00:00,25300,93400,3881,NO,NO
2023-04-27 00:10,25200,94000,3882,NO,NO
2023-04-27 00:20,25300,93400,3881,NO,NO
2023-04-27 00:30,25200,93000,3886,NO,NO
2023-04-27 00:40,25200,94400,3879,NO,NO
2023-04-27 00:50,25200,94400,3873,NO,NO
2023-04-27 01:00,25100,94000,3878,NO,NO
2023-04-27 01:10,25000,94000,3867,NO,NO
2023-04-27 01:20,25000,94400,3881,NO,NO
2023-04-27 01:30,24900,94000,3863,NO,NO
2023-04-27 01:40,25100,94400,3871,NO,NO
2023-04-27 01:50,25000,94700,3883,NO,NO
2023-04-27 02:00,25100,94400,3885,NO,NO
2023-04-27 02:10,25100,94700,3874,NO,NO
2023-04-27 02:20,25100,94700,3874,NO,NO
2023-04-27 02:30,25100,94700,3888,NO,NO
2023-04-27 02:40,25000,94700,3886,NO,NO
2023-04-27 02:50,25000,94700,3888,NO,NO
2023-04-27 03:00,25000,94700,3888,NO,NO
2023-04-27 03:10,25000,94700,3887,NO,NO
2023-04-27 03:20,25000,94700,3889,NO,NO
2023-04-27 03:30,25000,94700,3888,NO,NO
2023-04-27 03:40,24900,95000,3887,NO,NO
2023-04-27 03:50,24900,95000,3895,NO,NO
2023-04-27 04:00,24900,95000,3891,NO,NO
2023-04-27 04:10,24900,95000,3889,NO,NO
2023-04-27 04:20,24800,95000,3890,NO,NO
2023-04-27 04:30,24800,95000,3889,NO,NO
2023-04-27 04:40,24800,94700,3891,NO,NO
2023-04-27 04:50,24800,95000,3888,NO,NO
2023-04-27 05:00,24800,95000,3892,NO,NO
2023-04-27 05:10,24800,95000,3894,NO,NO
2023-04-27 05:20,24700,95100,3893,NO,NO
2023-04-27 05:30,24800,95000,3889,NO,NO
2023-04-27 05:40,24700,95100,3855,NO,NO
2023-04-27 05:50,24700,94800,3653,NO,NO
2023-04-27 06:00,24700,94800,3216,NO,NO
2023-04-27 06:10,24800,94700,2614,NO,NO
2023-04-27 06:20,24800,94700,2362,NO,NO
2023-04-27 06:30,24800,94700,1878,NO,NO
2023-04-27 06:40,24900,95500,1755,NO,NO
2023-04-27 06:50,25300,94900,1584,NO,NO
2023-04-27 07:00,25700,93800,2128,NO,NO
2023-04-27 07:10,25500,93300,1969,NO,NO
2023-04-27 07:20,25500,93300,1715,NO,NO
2023-04-27 07:30,25500,92800,1633,NO,NO
2023-04-27 07:40,25600,92800,1758,NO,NO
2023-04-27 07:50,25600,92500,1610,NO,NO
2023-04-27 08:00,25600,92200,1689,NO,NO
2023-04-27 08:10,25500,91200,1625,NO,NO
2023-04-27 08:20,25600,91800,1587,NO,NO
2023-04-27 08:30,25800,91700,1579,NO,NO
2023-04-27 08:40,25900,91100,1497,NO,NO
2023-04-27 08:50,25900,91100,1455,NO,NO
2023-04-27 09:00,26200,90000,1365,NO,NO
2023-04-27 09:10,26200,91000,1434,NO,NO
2023-04-27 09:20,26300,89200,1450,NO,NO
2023-04-27 09:30,26200,92000,1595,NO,NO
2023-04-27 09:40,26300,90500,1475,NO,NO
2023-04-27 09:50,26500,88800,1488,NO,NO
2023-04-27 10:00,26400,92500,1412,NO,NO
2023-04-27 10:10,26700,88800,1327,NO,NO
2023-04-27 10:20,26600,92400,1313,NO,NO
2023-04-27 10:30,26700,91800,1302,NO,NO
2023-04-27 10:40,27000,91200,1344,NO,NO
2023-04-27 10:50,27000,92700,1237,NO,NO
2023-04-27 11:00,27600,87800,1221,NO,NO
2023-04-27 11:10,28000,77100,1124,NO,NO
2023-04-27 11:20,27700,85800,1089,NO,NO
2023-04-27 11:30,29000,77100,1040,NO,NO
2023-04-27 11:40,28300,86000,1029,NO,NO
2023-04-27 11:50,27800,88300,1034,NO,NO
2023-04-27 12:00,28800,80200,1300,NO,NO
2023-04-27 12:10,28400,83100,991,NO,NO
2023-04-27 12:20,28400,84100,1120,NO,NO
2023-04-27 12:30,28100,86800,1161,NO,NO
2023-04-27 12:40,28200,86100,1299,NO,NO
2023-04-27 12:50,28900,81200,1051,NO,NO
2023-04-27 13:00,28600,83800,1035,NO,NO
2023-04-27 13:10,29100,81300,1077,NO,NO
2023-04-27 13:20,28700,83400,1157,NO,NO
2023-04-27 13:30,28900,82900,1137,NO,NO
2023-04-27 13:40,29100,79100,1127,NO,NO
2023-04-27 13:50,30000,74800,1135,NO,NO
2023-04-27 14:00,29400,80700,1088,NO,NO
2023-04-27 14:10,29100,80600,1407,NO,NO
2023-04-27 14:20,30200,75200,1633,NO,NO
2023-04-27 14:30,28900,80000,1502,NO,NO
2023-04-27 14:40,29000,78000,1296,NO,NO
2023-04-27 14:50,29300,76200,1560,NO,NO
2023-04-27 15:00,28700,80600,1942,NO,NO
2023-04-27 15:10,28400,81100,1942,NO,NO
2023-04-27 15:20,28400,80600,2370,NO,NO
2023-04-27 15:30,28200,82000,2304,NO,NO
2023-04-27 15:40,28400,80100,2416,NO,NO
2023-04-27 15:50,28100,81500,2965,NO,NO
2023-04-27 16:00,28000,80800,1919,NO,NO
2023-04-27 16:10,28300,78000,2031,NO,NO
2023-04-27 16:20,28200,79500,1937,NO,NO
2023-04-27 16:30,28400,79600,2037,NO,NO
2023-04-27 16:40,28000,79300,2053,NO,NO
2023-04-27 16:50,27900,80100,2085,NO,NO
2023-04-27 17:00,28000,80500,2499,NO,NO
2023-04-27 17:10,28000,82200,2832,NO,NO
2023-04-27 17:20,28000,84000,3179,NO,NO
2023-04-27 17:30,28000,85100,3555,NO,NO
2023-04-27 17:40,27900,84300,3795,NO,NO
2023-04-27 17:50,27700,82900,4039,NO,NO
2023-04-27 18:00,27600,84000,4095,NO,NO
2023-04-27 18:10,27400,85400,4095,NO,NO
2023-04-27 18:20,27450,85450,4095,NO,NO
2023-04-27 18:30,27500,85500,4095,NO,NO
2023-04-27 18:40,27500,86000,4095,NO,NO
2023-04-27 18:50,27500,86000,4095,NO,NO
2023-04-27 19:00,27500,86300,4095,NO,NO
2023-04-27 19:10,27300,86600,4095,NO,NO
2023-04-27 19:20,27400,86600,4095,NO,NO
2023-04-27 19:30,27400,87100,4095,NO,NO
2023-04-27 19:40,27400,87400,4073,NO,NO
2023-04-27 19:50,27400,87400,4079,NO,NO
2023-04-27 20:00,27400,87600,4070,NO,NO
2023-04-27 20:10,27300,87400,4075,NO,NO
2023-04-27 20:20,27300,88100,4057,NO,NO
2023-04-27 20:30,27400,87900,4067,NO,NO
2023-04-27 20:40,27400,88100,4095,NO,NO
2023-04-27 20:50,27300,87400,4095,NO,NO
2023-04-27 21:00,27300,87400,4095,NO,NO
2023-04-27 21:10,27300,86600,4095,NO,NO
2023-04-27 21:20,27300,86600,4095,NO,NO
2023-04-27 21:30,27300,86400,4095,NO,NO
2023-04-27 21:40,27200,86700,4095,NO,NO
2023-04-27 21:50,27100,87000,4095,NO,NO
2023-04-27 22:00,27000,87500,4095,NO,NO
2023-04-27 22:10,27000,88000,4095,NO,NO
2023-04-27 22:20,27000,88000,4095,NO,NO
2023-04-27 22:30,27000,87700,4095,NO,NO
2023-04-27 22:40,26900,85100,4095,NO,NO
2023-04-27 22:50,27000,83400,4095,NO,NO
2023-04-27 23:00,27000,82700,4095,NO,NO
2023-04-27 23:10,26800,83300,4095,NO,NO
2023-04-27 23:20,26700,83300,4095,NO,NO
2023-04-27 23:30,26700,83300,4095,NO,NO
2023-04-27 23:40,26600,83600,4095,NO,NO
2023-04-27 23:50,26600,84000,4095,NO,NO
2023-04-28 00:00,26500,84400,4095,NO,NO
2023-04-28 00:10,26400,84900,4095,NO,NO
2023-04-28 00:20,26300,85500,4095,NO,NO
2023-04-28 00:30,26300,85800,4095,NO,NO
2023-04-28 00:40,26200,86400,4095,NO,NO
2023-04-28 00:50,26200,86600,4095,NO,NO
2023-04-28 01:00,26200,87100,4095,NO,NO
2023-04-28 01:10,26000,87400,4095,NO,NO
2023-04-28 01:20,26000,87600,4095,NO,NO
2023-04-28 01:30,26000,87600,4095,NO,NO
2023-04-28 01:40,26000,87900,4095,NO,NO
2023-04-28 01:50,25900,88200,4095,NO,NO
2023-04-28 02:00,25900,88000,4095,NO,NO
2023-04-28 02:10,25900,88200,4095,NO,NO
2023-04-28 02:20,25800,88200,4095,NO,NO
2023-04-28 02:30,25800,88200,4095,NO,NO
2023-04-28 02:40,25800,88000,4095,NO,NO
2023-04-28 02:50,25800,88200,4095,NO,NO
2023-04-28 03:00,25800,88500,4095,NO,NO
2023-04-28 03:10,25700,89200,4095,NO,NO
2023-04-28 03:20,25700,89500,4095,NO,NO
2023-04-28 03:30,25700,89500,4095,NO,NO
2023-04-28 03:40,25700,90200,4095,NO,NO
2023-04-28 03:50,25700,89800,4095,NO,NO
2023-04-28 04:00,25700,90500,4095,NO,NO
2023-04-28 04:10,25800,90400,4095,NO,NO
2023-04-28 04:20,25700,91200,4095,NO,NO
2023-04-28 04:30,25700,91200,4095,NO,NO
2023-04-28 04:40,25600,90500,4095,NO,NO
2023-04-28 04:50,25600,90500,4095,NO,NO
2023-04-28 05:00,25600,90500,4095,NO,NO
2023-04-28 05:10,25500,90800,4095,NO,NO
2023-04-28 05:20,25500,90500,4095,NO,NO
2023-04-28 05:30,25500,90800,4095,NO,NO
2023-04-28 05:40,25500,91200,4095,NO,NO
2023-04-28 05:50,25500,90800,3927,NO,NO
2023-04-28 06:00,25500,90800,3345,NO,NO
2023-04-28 06:10,25900,92400,3142,NO,NO
2023-04-28 06:20,25900,92100,2864,NO,NO
2023-04-28 06:30,25900,92400,2570,NO,NO
2023-04-28 06:40,26200,90300,2394,NO,NO
2023-04-28 06:50,26200,89300,2202,NO,NO
2023-04-28 07:00,26300,89900,2065,NO,NO
2023-04-28 07:10,26400,88900,1835,NO,NO
2023-04-28 07:20,26400,88300,1915,NO,NO
2023-04-28 07:30,26400,87800,1821,NO,NO
2023-04-28 07:40,26500,87200,1886,NO,NO
2023-04-28 07:50,26400,88300,1883,NO,NO
2023-04-28 08:00,26500,89800,1933,NO,NO
2023-04-28 08:10,26600,89400,1762,NO,NO
2023-04-28 08:20,26600,89400,1739,NO,NO
2023-04-28 08:30,26600,89100,1488,NO,NO
2023-04-28 08:40,26700,90400,1347,NO,NO
2023-04-28 08:50,26800,90000,1879,NO,NO
2023-04-28 09:00,26800,89700,1933,NO,NO
2023-04-28 09:10,26800,89700,1649,NO,NO
2023-04-28 09:20,26800,86800,1114,NO,NO
2023-04-28 09:30,27100,89200,1106,NO,NO
2023-04-28 09:40,27400,85600,1194,NO,NO
2023-04-28 09:50,27400,88100,1194,NO,NO
2023-04-28 10:00,27500,88400,1317,NO,NO
2023-04-28 10:10,28000,83800,882,NO,NO
2023-04-28 10:20,28400,83900,1137,NO,NO
2023-04-28 10:30,28400,80200,1058,NO,NO
2023-04-28 10:40,28100,83400,1342,NO,NO
2023-04-28 10:50,28100,81800,1126,NO,NO
2023-04-28 11:00,28000,82800,1163,NO,NO
2023-04-28 11:10,28300,81200,1259,NO,NO
2023-04-28 11:20,28400,81400,1269,NO,NO
2023-04-28 11:30,28500,80100,1359,NO,NO
2023-04-28 11:40,28500,79100,1425,NO,NO
2023-04-28 11:50,28600,78500,1513,NO,NO
2023-04-28 12:00,28700,78800,1427,NO,NO
2023-04-28 12:10,28800,74600,1408,NO,NO
2023-04-28 12:20,29100,75900,1389,NO,NO
2023-04-28 12:30,28900,75400,1393,NO,YES
2023-04-28 12:40,29000,73100,1392,NO,YES
2023-04-28 12:50,29100,71600,1354,NO,YES
2023-04-28 13:00,29300,71200,1295,NO,YES
2023-04-28 13:10,29300,70300,1262,NO,YES
2023-04-28 13:20,29500,69000,1260,NO,YES
2023-04-28 13:30,29600,69900,1862,NO,YES
2023-04-28 13:40,29600,67500,2194,NO,YES
2023-04-28 13:50,29300,71500,2329,NO,YES
2023-04-28 14:00,29000,73500,2155,NO,YES
2023-04-28 14:10,29100,72400,2229,NO,NO
2023-04-28 14:20,28900,74100,2045,NO,NO
2023-04-28 14:30,28700,73600,1891,NO,NO
2023-04-28 14:40,28700,76400,1635,NO,NO
2023-04-28 14:50,28700,77200,2129,NO,NO
2023-04-28 15:00,28500,78200,1971,NO,NO
2023-04-28 15:10,28400,79200,1709,NO,NO
2023-04-28 15:20,28500,79500,1284,NO,NO
2023-04-28 15:30,28600,77800,698,NO,NO
2023-04-28 15:40,29200,75300,1394,NO,NO
2023-04-28 15:50,29000,74000,2282,NO,NO
2023-04-28 16:00,28900,75700,2398,NO,NO
2023-04-28 16:10,28700,74200,2370,NO,NO
2023-04-28 16:20,28700,74200,2399,NO,NO
2023-04-28 16:30,28800,74500,2203,NO,NO
2023-04-28 16:40,28900,75200,2496,NO,NO
2023-04-28 16:50,28900,73900,2625,NO,NO
2023-04-28 17:00,28700,73600,2850,YES,NO
2023-04-28 17:10,28600,74100,3109,YES,NO
2023-04-28 17:20,28500,74700,3491,YES,NO
2023-04-28 20:00,28400,75500,4095,YES,NO